,user_id,productId,purchase_count
0,1,10686,1
1,1,13,1
2,1,1560,1
3,1,2092,1
4,1,2226,1
5,1,8e7d4750-dc37-49f4-b748-829797a8f832,1
6,1,8ed56fcd-a959-4e6a-a441-5864a60f084b,1
7,1,8ef5bf07-74f9-4f1f-8ea5-5cf8e77fa5aa,1
8,1,8ef5bf07-a234-415f-b379-4f0627119345,1
9,1,8ef5bf07-b1d0-42f0-8033-52cc66cea266,1
10,1,8ef5bf09-9c27-479e-a8f5-9e2d6b30c9a9,1
11,1,8ef5bf0a-e009-4a59-b928-eacaf762deca,1
12,1,8ef5bf0e-d5ce-4275-af5e-a0e930b14ccd,1
13,1,8ef5bf0e-e405-41c1-99be-71455fe237b2,1
14,1,8ef5bf0f-4e67-4e0d-a6e4-0c0c8f9453d5,1
15,1,8ef5bf0f-6aef-417e-8997-9b7c47d8893d,1
16,1,8ef5bf0f-7ec0-40e1-8909-036034a806e1,1
17,1,8ef5bf0f-d1a2-464a-9558-e3a309928952,1
18,1,8ef5bf0f-fb8a-496c-9c48-7d8c305e20dd,1
19,1,8ef5bf10-0a4b-45c6-8fea-4bd5030e2b0d,1
20,1,8ef5bf10-b6f2-49a0-bdcb-cdfca5b42186,1
21,1,8ef5bf10-c097-4614-9ddf-6ca6e5577ed8,1
22,1,8ef5bf11-0b75-4c4c-8ed7-b1fd4f18a849,1
23,1,9995,1
24,6,1019,1
25,6,10411,1
26,6,418,2
27,8,000051b3-1cbd-47d3-8e00-e2e40475734c,1
28,8,21d56859-3b83-49f6-8492-b6c6bd978888,1
29,8,4096,1
30,8,4100,1
31,8,4101,1
32,8,4102,1
33,8,4352,1
34,8,4353,1
35,8,4354,1
36,8,4608,1
37,8,4617,1
38,8,51896345-eba8-4bd1-9916-40b578fd5f0d,1
39,8,5e9ef4a5-3c8a-4280-93c1-bc7ce02527ed,1
40,8,6537a656-bf8b-41f7-95d8-925517a5be67,1
41,8,73f9dc3c-ffef-45bf-8dc4-f1a911a2d277,1
42,8,b8c7de59-7ac5-4599-8d16-82eae895acbf,1
43,8,cb51e076-5e0b-4684-9e2e-57c6215c73fd,1
44,8,e00b644f-00c8-4fb8-8f78-87931c01f91c,1
45,8,e48b57fd-ac5e-4c01-9fc9-75804d749c4b,1
46,8,ea3c42e8-bfef-468e-86d3-1a705f698f27,1
47,8,ea7c6613-94bb-4f28-b55b-399ff2c7e848,1
48,8,eb379655-d3c3-42bd-95c0-c898c0f4a5f0,1
49,8,f68dea18-76dc-463e-a3a2-2793b694f811,1
50,8,fe849f4f-904a-4e77-a0f8-05a7dadde04e,1
51,10,102,1
52,10,418,2
53,10,82,1
54,12,3584,1
55,12,3585,1
56,12,3588,1
57,12,3589,1
58,12,3591,1
59,12,3593,1
60,12,3597,1
61,12,3607,1
62,12,3608,1
63,12,3610,1
64,12,3613,1
65,12,3630,1
66,12,3631,1
67,12,3632,1
68,12,3841,1
69,12,3842,1
70,12,3843,1
71,12,5899,1
72,12,5923,1
73,12,5924,1
74,12,5925,1
75,12,5927,1
76,12,5929,1
77,12,5939,1
78,12,5945,1
79,12,5956,1
80,12,5957,1
81,12,5959,1
82,12,5961,1
83,12,5962,1
84,12,5983,1
85,12,5984,1
86,12,5986,1
87,12,5987,1
88,12,5988,1
89,12,5990,1
90,12,5992,1
91,12,5997,1
92,12,6002,1
93,12,6021,1
94,12,6062,1
95,12,6063,1
96,12,6064,1
97,12,6065,1
98,12,6066,1
99,12,6067,1
100,685,1025,1
101,685,10398,1
102,685,144,2
103,685,200,1
104,685,201,1
105,685,2299,1
106,685,2304,1
107,685,2306,1
108,685,2309,1
109,685,2310,1
110,685,2315,1
111,685,249,1
112,685,250,2
113,685,253,1
114,685,264,1
115,685,297,1
116,685,380,1
117,685,420,1
118,685,421,1
119,685,422,2
120,685,423,2
121,685,426,1
122,685,87,2
123,737,10007,1
124,737,101,1
125,737,10122,1
126,737,10136,2
127,737,10138,2
128,737,10164,1
129,737,10168,1
130,737,10277,1
131,737,10396,1
132,737,10398,4
133,737,10401,3
134,737,10410,1
135,737,10411,2
136,737,10417,2
137,737,10418,1
138,737,10426,1
139,737,10448,1
140,737,10454,1
141,737,10469,1
142,737,10472,1
143,737,10529,1
144,737,10530,1
145,737,10629,1
146,737,10652,1
147,737,1076,1
148,737,1105,1
149,737,1364,1
150,737,144,4
151,737,145,2
152,737,1540,1
153,737,200,6
154,737,201,2
155,737,204,2
156,737,210,1
157,737,214,1
158,737,215,1
159,737,23ce766f-0c23-45f4-8a66-0c353e295cf9,1
160,737,249,7
161,737,25,2
162,737,250,4
163,737,253,1
164,737,258,1
165,737,261,1
166,737,263,1
167,737,264,1
168,737,2773,1
169,737,2776,1
170,737,2782,1
171,737,2783,1
172,737,2786,1
173,737,2788,1
174,737,2798,1
175,737,2801,1
176,737,2804,1
177,737,2851,1
178,737,2854,1
179,737,2859,1
180,737,2864,1
181,737,2877,1
182,737,2879,1
183,737,2888,1
184,737,2889,1
185,737,2894,1
186,737,2899,1
187,737,2902,1
188,737,2905,1
189,737,2911,1
190,737,2913,1
191,737,2930,1
192,737,2934,1
193,737,2936,1
194,737,2943,1
195,737,295,1
196,737,2950,1
197,737,2951,1
198,737,2954,1
199,737,296,1
200,737,2968,1
201,737,297,3
202,737,298,2
203,737,301,2
204,737,3032,1
205,737,3033,1
206,737,3034,1
207,737,3035,1
208,737,341,1
209,737,342,1
210,737,343,2
211,737,347,3
212,737,3567,1
213,737,3577,1
214,737,361,1
215,737,3629,1
216,737,3639,1
217,737,3655,1
218,737,3746,1
219,737,3772,2
220,737,3773,1
221,737,380,1
222,737,3801,1
223,737,3802,1
224,737,3811,1
225,737,3827,1
226,737,3830,1
227,737,384,1
228,737,3840,1
229,737,3844,1
230,737,3870,1
231,737,3878,1
232,737,3880,1
233,737,40,2
234,737,401,1
235,737,4078,1
236,737,4081,1
237,737,4083,1
238,737,4084,1
239,737,4085,1
240,737,4088,1
241,737,4089,1
242,737,4094,1
243,737,4096,1
244,737,41,2
245,737,4130,1
246,737,4131,1
247,737,4133,1
248,737,4139,1
249,737,4140,1
250,737,4144,1
251,737,4145,1
252,737,4150,1
253,737,4153,1
254,737,4167,1
255,737,4169,1
256,737,4181,1
257,737,4185,1
258,737,4187,1
259,737,4188,1
260,737,420,1
261,737,4208,1
262,737,422,5
263,737,423,3
264,737,4230,1
265,737,4233,1
266,737,4235,1
267,737,4256,1
268,737,4257,1
269,737,4258,1
270,737,426,3
271,737,4281,1
272,737,4283,1
273,737,4285,1
274,737,4287,1
275,737,4288,1
276,737,4291,1
277,737,4308,1
278,737,4316,1
279,737,4317,1
280,737,4326,1
281,737,4337,1
282,737,4340,1
283,737,4355,1
284,737,4357,1
285,737,4359,1
286,737,4361,1
287,737,4370,1
288,737,4373,1
289,737,4377,1
290,737,4378,1
291,737,4389,1
292,737,4395,1
293,737,4399,1
294,737,4414,1
295,737,4417,1
296,737,4422,1
297,737,4425,1
298,737,4427,1
299,737,456,3
300,737,457,1
301,737,458,3
302,737,459,3
303,737,460,1
304,737,467,1
305,737,48589a35-0ee6-404c-8299-0f3b48f05b03,1
306,737,497,1
307,737,515,2
308,737,5e965046-2e46-4cfe-ab5b-998a08ad1e7d,1
309,737,5e9ef4a5-3c8a-4280-93c1-bc7ce02527ed,1
310,737,723,1
311,737,759,1
312,737,762,1
313,737,776,2
314,737,7aaf678d-ef62-4827-9678-1a4a367942b2,2
315,737,82fee792-e28a-409e-812f-91334a50a134,1
316,737,86,5
317,737,8603,1
318,737,8611,1
319,737,8615,1
320,737,8616,1
321,737,8641,1
322,737,8646,1
323,737,8667,1
324,737,8668,1
325,737,8671,1
326,737,8674,1
327,737,8675,1
328,737,8690,1
329,737,8698,1
330,737,87,4
331,737,8710,1
332,737,8725,1
333,737,8747,1
334,737,8748,1
335,737,8759,1
336,737,8767,1
337,737,8b71484b-b0ba-4f86-87cc-250c83e921ad,1
338,737,8e590e4b-7e9d-4866-a169-a4ca5d0d4f59,1
339,737,8e5b4740-7d2c-483a-9020-f04e2ef29b9c,1
340,737,8e6726a0-8610-4cb5-95e7-f91399059e92,1
341,737,8e86fbe2-32a4-4093-9fcd-ea5e2372e074,1
342,737,8e870cc7-68f2-493b-9174-0e7e87f4eaec,2
343,737,8e90e795-c539-46bf-b1bd-6e8005659966,2
344,737,8e98fefc-fa33-46b5-bdc3-91f596601c10,1
345,737,8eb154cc-7dff-4d83-80ea-772af7a933d5,1
346,737,8ecd1030-2d30-4c3b-94ad-5e1f6dcbde16,1
347,737,8ecd1031-6dcd-4a79-95d7-0340c8e59132,1
348,737,8ecd13c3-5e2e-4e73-ab5a-d702e5820793,1
349,737,8ee7c87d-cdae-41d7-b631-88f2ffc24c60,1
350,737,8ee7c896-b524-4541-bc86-55f52f83d619,1
351,737,8ee7d501-c7e2-466d-a547-2525af112176,1
352,737,8ee7d5a2-f71f-4d5e-9d6d-b9ad880ab1a3,1
353,737,8f01fcaf-3621-493c-b56c-854ce29139a9,1
354,737,8f01fcaf-62ec-4be9-b9c1-9a4269309871,1
355,737,8f01fcaf-74f4-4be4-b653-7354e189e9a1,1
356,737,8f03763f-d177-4c54-a422-addaa52fba82,1
357,737,90,1
358,737,95,1
359,737,9810,2
360,737,9821,1
361,737,9847,1
362,737,9866,1
363,737,9874,1
364,737,9908,1
365,737,9910,1
366,737,9914,1
367,737,9a4737a2-926a-4c85-9816-78fd6aad6333,1
368,737,cc6265e9-5fc4-4798-a05f-8609ada59f40,1
369,737,cdf57af1-887e-4ccf-9970-f74c9b9e936b,1
370,737,eb379655-d3c3-42bd-95c0-c898c0f4a5f0,1
371,1020,10127,1
372,1020,10146,1
373,1020,1934,2
374,1020,1ebe39c4-72a8-4d8b-a45c-2145f5d96054,1
375,1020,2401,1
376,1020,2406,1
377,1020,2409,1
378,1020,2413,1
379,1020,2416,1
380,1020,2429,1
381,1020,2448,1
382,1020,2449,1
383,1020,2453,1
384,1020,2454,1
385,1020,2462,1
386,1020,3065,1
387,1020,3066,1
388,1020,3073,1
389,1020,3074,1
390,1020,3091,1
391,1020,3105,1
392,1020,3106,1
393,1020,3107,1
394,1020,3129,1
395,1020,3134,1
396,1020,3177,1
397,1020,3238,1
398,1020,3253,1
399,1020,3256,1
400,1020,3566,1
401,1020,3567,2
402,1020,3568,1
403,1020,3570,1
404,1020,3571,1
405,1020,3572,1
406,1020,3573,1
407,1020,3584,3
408,1020,3585,3
409,1020,3586,1
410,1020,3588,1
411,1020,3589,2
412,1020,3592,2
413,1020,3593,2
414,1020,3594,1
415,1020,3599,1
416,1020,3601,1
417,1020,3602,1
418,1020,3603,1
419,1020,3604,1
420,1020,3605,2
421,1020,3606,1
422,1020,3608,2
423,1020,3609,1
424,1020,3610,1
425,1020,3628,1
426,1020,3629,1
427,1020,3644,1
428,1020,3647,1
429,1020,3652,2
430,1020,3655,2
431,1020,3659,1
432,1020,3660,1
433,1020,3661,1
434,1020,3662,1
435,1020,3665,1
436,1020,3666,1
437,1020,3667,1
438,1020,3669,1
439,1020,3671,1
440,1020,3674,1
441,1020,3677,1
442,1020,3681,1
443,1020,3682,1
444,1020,3685,1
445,1020,3696,1
446,1020,3710,1
447,1020,3711,2
448,1020,3712,1
449,1020,3713,1
450,1020,3718,1
451,1020,3720,2
452,1020,3722,1
453,1020,3725,1
454,1020,3746,1
455,1020,3749,1
456,1020,3751,1
457,1020,3755,1
458,1020,3772,1
459,1020,3789,1
460,1020,3790,1
461,1020,3801,1
462,1020,3802,1
463,1020,3811,1
464,1020,3812,1
465,1020,3814,1
466,1020,3816,1
467,1020,3817,1
468,1020,3826,1
469,1020,3831,1
470,1020,3841,1
471,1020,3842,2
472,1020,3849,1
473,1020,3857,1
474,1020,3860,1
475,1020,3862,1
476,1020,3870,1
477,1020,3871,1
478,1020,3873,1
479,1020,3882,1
480,1020,3a54f896-0527-43a2-9542-a67a89594afb,1
481,1020,4078,2
482,1020,4079,1
483,1020,4080,1
484,1020,4082,1
485,1020,4083,2
486,1020,4084,1
487,1020,4085,1
488,1020,4087,1
489,1020,4090,1
490,1020,4096,2
491,1020,4099,1
492,1020,4113,1
493,1020,4114,1
494,1020,4115,1
495,1020,4119,1
496,1020,4130,1
497,1020,4159,2
498,1020,4161,2
499,1020,4163,2
500,1020,4169,1
501,1020,4174,1
502,1020,4182,2
503,1020,4183,1
504,1020,4185,1
505,1020,4186,1
506,1020,4196,1
507,1020,4197,1
508,1020,4208,1
509,1020,4209,1
510,1020,4210,1
511,1020,4211,1
512,1020,4213,1
513,1020,4217,1
514,1020,4230,1
515,1020,4233,1
516,1020,4242,1
517,1020,4245,1
518,1020,4260,1
519,1020,4262,1
520,1020,4264,1
521,1020,4266,1
522,1020,4267,1
523,1020,4268,1
524,1020,4276,1
525,1020,4277,1
526,1020,4280,1
527,1020,4281,1
528,1020,4282,1
529,1020,4284,1
530,1020,4287,1
531,1020,4289,1
532,1020,4291,1
533,1020,4292,1
534,1020,4306,1
535,1020,4307,1
536,1020,4326,1
537,1020,4327,1
538,1020,4330,1
539,1020,4331,1
540,1020,4332,1
541,1020,4339,1
542,1020,4341,1
543,1020,4342,1
544,1020,4346,1
545,1020,4348,1
546,1020,4350,1
547,1020,4356,3
548,1020,4357,2
549,1020,4358,1
550,1020,4359,1
551,1020,4365,1
552,1020,4369,1
553,1020,4370,2
554,1020,4374,1
555,1020,4375,1
556,1020,4384,1
557,1020,4386,1
558,1020,4392,1
559,1020,4394,1
560,1020,4396,1
561,1020,4398,1
562,1020,4403,1
563,1020,4408,1
564,1020,4418,1
565,1020,45dc202c-1871-4cd4-97d1-280f68f35106,1
566,1020,4610,1
567,1020,4611,1
568,1020,4612,1
569,1020,4637,1
570,1020,4639,1
571,1020,4641,1
572,1020,4642,1
573,1020,4645,1
574,1020,473492ca-8fa6-4e71-9e9f-a7b8b712bbe6,1
575,1020,51896345-eba8-4bd1-9916-40b578fd5f0d,1
576,1020,5df057fc-9f95-4e93-8e84-d8d8b6313786,1
577,1020,71c17e19-45d1-49f7-ac65-6edd982d27e1,1
578,1020,8598,1
579,1020,8617,1
580,1020,8619,1
581,1020,8620,1
582,1020,8637,1
583,1020,8653,1
584,1020,8ee785af-8637-4430-9d4e-3b6d466f25a2,1
585,1020,8ee7c86a-2c8d-4f47-a4f2-0b98ff5b752d,1
586,1020,8ee7c86a-c773-4f23-9a65-820aea7c427b,1
587,1020,8ee7c86b-06fc-4f4d-bcaf-803935c5f916,1
588,1020,8ee7c86d-df21-48af-b097-98fd1fe2ad38,1
589,1020,8ee7c86e-91cd-4efd-9f58-379988cea8a7,1
590,1020,8ee7c86e-d26f-4c92-92a9-f1f5b4088174,1
591,1020,8ee7c86f-02b7-4c61-8431-132f183a642b,1
592,1020,8ee7c870-1999-4d74-9d95-7505f8d82223,1
593,1020,8ee7c870-260a-48cf-9ea0-e9a6172d4d48,1
594,1020,8ee7c870-4414-4c89-b15d-751ca93d9561,1
595,1020,8ee7c870-54c3-44a2-b85f-57cccb7be45d,1
596,1020,8ee7c870-eb60-438b-b59d-837ffe5c502d,1
597,1020,8ee7c871-3779-43d6-853e-283fb08e4eff,1
598,1020,8ee7c877-ed91-4fa1-8054-56ad95e44338,1
599,1020,8ee7c878-6e6c-4f84-b7c1-6e3f6639fa80,1
600,1020,8ee7c87c-712e-4151-89d0-d44caa3f0458,1
601,1020,8ee7c87f-005f-4cea-b5e2-da3fe9f244b8,1
602,1020,8ef5bf07-9963-4d28-ba5d-3746f78c4e67,1
603,1020,8ef5bf07-a234-415f-b379-4f0627119345,1
604,1020,8ef5bf07-aad0-45f8-a8ba-7afdaa237ca9,1
605,1020,8ef5bf07-b1d0-42f0-8033-52cc66cea266,1
606,1020,8ef5bf07-b51d-4f80-8ac9-e94200825122,1
607,1020,8ef5bf08-1517-48ef-8ad1-d3733db55bf7,1
608,1020,8ef5bf08-30e8-49d2-99d1-5e4db1469a02,1
609,1020,8ef5bf08-6efb-42ca-9dc2-096b8825049a,1
610,1020,8ef5bf08-a727-4372-9108-4bde31ee2631,1
611,1020,8ef5bf09-1827-4d5d-ab50-738ec8651201,1
612,1020,8ef5bf09-2aec-4de2-8340-b5ecf57eefc6,1
613,1020,8ef5bf09-9c27-479e-a8f5-9e2d6b30c9a9,1
614,1020,8ef5bf09-acb8-4734-ad21-e42a8115ecd4,1
615,1020,8ef5bf0a-69c8-43e7-abc9-1091cd0f552e,1
616,1020,8ef5bf0a-87a8-4f02-94d1-f08957d5e0cf,1
617,1020,8ef5bf10-17a3-4c10-935e-04a6e7b1329f,1
618,1020,8ef5bf10-2684-49b9-bcdb-d584594176d4,1
619,1020,8ef5bf10-88b3-4567-8a56-1f14513b332d,1
620,1020,8ef5bf10-af42-4cf6-a301-6387551ed414,1
621,1020,8ef5bf10-c097-4614-9ddf-6ca6e5577ed8,1
622,1020,8ef5bf10-d9a3-419f-8b7e-3350ccf4c37d,1
623,1020,8ef5bf11-0679-4d04-96bf-a9286a3daf8a,1
624,1020,8ef5bf11-8faa-4704-bcf6-2bf09baabf5b,1
625,1020,8ef5bf11-9d36-4e2e-b910-df84aae42948,1
626,1020,8ef5bf12-0121-4b6c-8932-174c35cf1bf6,1
627,1020,8ef5bf12-ad16-43d0-963a-e70848fc3bd5,1
628,1020,8ef99b47-d42f-4627-a507-f56418fde511,1
629,1020,8effb0c8-126c-482b-b918-2552e11c0e2e,1
630,1020,8f000de5-a1e6-4c52-84a3-a58d87b62e6e,1
631,1020,8f01fcaa-4b14-44a1-91ef-b39d6e4220be,1
632,1020,8f01fcaa-8f4c-46be-a18e-a1c7f257f343,1
633,1020,8f01fcaa-9bf3-4924-911c-5e96862e36d1,1
634,1020,8f01fcaa-ece9-46e8-8d93-e7af831d15c8,1
635,1020,8f01fcab-0efe-4808-bb2b-7aac1841dde0,1
636,1020,8f01fcad-a9af-48f4-a2cb-6e934284c256,1
637,1020,8f01fcaf-8b95-48f3-b49a-7eb01884dbea,1
638,1020,8f01fcaf-d104-4dc2-b9c2-a63cb6b13595,1
639,1020,94400a83-9948-4e56-8a99-f1bf88b41a54,1
640,1020,9712,1
641,1020,9730,2
642,1020,9737,2
643,1020,9769,1
644,1020,9794,1
645,1020,9799,1
646,1020,9805f21c-8d3a-4e1a-bbc2-26f8fbffabc1,1
647,1020,980fe044-b999-4b64-8f93-ff5afb094ad5,1
648,1020,9915,1
649,1020,9984,1
650,1020,9985,1
651,1020,9986,1
652,1020,9989,1
653,1020,9990,1
654,1020,9a4737a2-926a-4c85-9816-78fd6aad6333,1
655,1020,9b215be0-0a2c-4c2f-a3b7-4d3d0c35f697,1
656,1020,9bc3abf8-67a5-4718-8b9b-1cd88c7b99fa,1
657,1020,ae5662a9-e3df-45a7-a7ff-ae9e8098eb37,1
658,1020,ca030615-588d-4c3b-aa26-165972caf64c,1
659,1020,e0b961d3-9fcc-4fda-83a8-2cd673bf41ed,1
660,1020,ea7c6613-94bb-4f28-b55b-399ff2c7e848,1
661,1020,eb379655-d3c3-42bd-95c0-c898c0f4a5f0,1
662,1020,f1b85d6a-20d6-482b-bc36-76babda6e9ec,1
663,1087,10398,1
664,1087,249,1
665,1087,343,1
666,1087,362,1
667,1087,41,1
668,1093,8f01fcab-0efe-4808-bb2b-7aac1841dde0,1
669,1094,8e7aa62c-49c1-4d65-be63-ab93fe66aa61,1
670,1094,8ed56fcd-a959-4e6a-a441-5864a60f084b,1
671,1094,8ed56fcd-eb54-449b-9ffd-9572c1de024d,1
672,1096,000051b3-1cbd-47d3-8e00-e2e40475734c,1
673,1096,00db3026-4d10-433d-b99c-43d373cd8690,1
674,1096,03190770-b63a-4b2d-896f-365731d134c0,1
675,1096,05678e16-dbb8-4236-9ae9-431600c46b19,1
676,1096,073423e6-b298-40eb-92bd-666601ab6755,1
677,1096,07ce3275-6366-422b-bf89-a2935a633b75,1
678,1096,08e44c36-28e9-4cce-8587-94af55561732,1
679,1096,10158,1
680,1096,10426,1
681,1096,141,1
682,1096,144,1
683,1096,1561,1
684,1096,1563,1
685,1096,1655562e-2b58-4f61-ac9c-333530202f41,1
686,1096,1783,1
687,1096,196,1
688,1096,197,2
689,1096,204,1
690,1096,20438cda-af49-4c46-a659-3376ee823610,1
691,1096,204f9b4b-2a73-4264-a387-9d9024bfd837,1
692,1096,21d56859-3b83-49f6-8492-b6c6bd978888,1
693,1096,23ce766f-0c23-45f4-8a66-0c353e295cf9,1
694,1096,245,1
695,1096,246,1
696,1096,247,1
697,1096,24f39d06-9005-4e46-91d3-00119110445d,1
698,1096,255cf727-2fb9-41d9-a33f-f00ecb241f2b,1
699,1096,2729,1
700,1096,2731,1
701,1096,2732,1
702,1096,2733,1
703,1096,2735,1
704,1096,2736,1
705,1096,2745,1
706,1096,2747,1
707,1096,2750,1
708,1096,2765,1
709,1096,2766,1
710,1096,27a01cfa-37ed-405b-bbc8-6a5dc3c43e25,1
711,1096,294,1
712,1096,3231dfb7-8aae-4997-9d03-9705f3b898f1,1
713,1096,339,1
714,1096,340,1
715,1096,347,1
716,1096,368bda2e-b213-4025-a90f-0d164d1f32c8,1
717,1096,384,1
718,1096,3921b850-e11d-47c5-b0f7-5c162ac33f69,2
719,1096,3a2ed5a6-a99f-4556-9a3d-f3b2573c246f,1
720,1096,3afdd5e0-88d0-4f34-baa4-c218c607789e,1
721,1096,3d448dc4-66be-47dc-b816-8f5c7d4945f5,1
722,1096,3f30ca95-6e6e-4a43-aa76-8f4f8e5859e1,1
723,1096,40,1
724,1096,40a50d55-cd0d-4d77-90ed-3fa97335f998,1
725,1096,418,1
726,1096,419,2
727,1096,4282f52d-14ab-4684-8c99-d62a53010827,2
728,1096,430fad21-edb0-4c29-80cc-0595d939a01b,1
729,1096,431,1
730,1096,489f1edf-3832-4c86-b080-f338296aa830,1
731,1096,513b31df-a5c4-48ed-b504-0f146bcc1062,1
732,1096,51896345-eba8-4bd1-9916-40b578fd5f0d,1
733,1096,59227abe-045b-4564-b998-a1a0579ec0bb,1
734,1096,5df057fc-9f95-4e93-8e84-d8d8b6313786,1
735,1096,5e965046-2e46-4cfe-ab5b-998a08ad1e7d,1
736,1096,6537a656-bf8b-41f7-95d8-925517a5be67,1
737,1096,73f9dc3c-ffef-45bf-8dc4-f1a911a2d277,1
738,1096,7518d89f-847f-4e28-a24b-e27610b7688a,1
739,1096,76e83cea-fc2e-4aad-a128-6dac176ea511,1
740,1096,7e464a37-c7df-4446-be7d-e46fc979dd31,1
741,1096,822efa1d-318a-4b87-97a0-241b1e50bfbd,1
742,1096,82fee792-e28a-409e-812f-91334a50a134,1
743,1096,83,1
744,1096,8ecd82ba-d22d-4119-902a-8375913b05c4,1
745,1096,8ee785af-8637-4430-9d4e-3b6d466f25a2,1
746,1096,8ee7c86a-2c8d-4f47-a4f2-0b98ff5b752d,1
747,1096,8ee7c86d-b1a1-4954-9924-4869753d8f1b,1
748,1096,8ee7c86d-d43a-47b3-b99e-3ce183a0535f,1
749,1096,8ee7c86d-df21-48af-b097-98fd1fe2ad38,1
750,1096,8ee7c86e-48bc-4018-b27b-a97aafe7f53a,1
751,1096,8ee7c86e-5c3c-4624-85e9-de40e3138e83,1
752,1096,8ee7c86e-712e-4fc9-b1c3-05a2c6616a22,1
753,1096,8ee7c86e-74b6-4157-97c8-803a4c588f56,1
754,1096,8ee7c86e-99d2-41aa-869b-acfb64ba3325,1
755,1096,8ee7c870-1999-4d74-9d95-7505f8d82223,1
756,1096,8ee7c870-260a-48cf-9ea0-e9a6172d4d48,1
757,1096,8ee7c870-4414-4c89-b15d-751ca93d9561,1
758,1096,8ee7c870-54c3-44a2-b85f-57cccb7be45d,1
759,1096,8ee7c870-b3e6-43a6-926c-25b193f03240,1
760,1096,8ee7c870-cb7a-4bc2-bae2-109c131fdf3a,1
761,1096,8ee7c870-eb60-438b-b59d-837ffe5c502d,1
762,1096,8ee7c894-239a-4f39-8356-8f8df7b00c31,1
763,1096,8ee7c897-a0c5-4a18-96ad-b0b0c175ba7a,1
764,1096,8ee7c897-ca98-42a7-be72-05c39fc2e7e8,1
765,1096,8ef60b0f-8dfc-4b85-9db4-bcb92a76b283,1
766,1096,9805f21c-8d3a-4e1a-bbc2-26f8fbffabc1,1
767,1096,9a4737a2-926a-4c85-9816-78fd6aad6333,1
768,1096,9bfa4e1d-299b-47f0-b5ed-ccb9626dbeea,1
769,1096,aa0e09ec-77ad-46b1-8865-dc379c254356,1
770,1096,ae061bc5-a47d-46a0-8fd4-dd98506c86b3,1
771,1096,b09fe3e9-f6ea-4e1e-83bc-428455f1b82f,1
772,1096,b6bd3e8d-a806-43eb-b72a-38f9e4b7fb00,2
773,1096,b9aa48d7-1589-4580-ad0d-5b2aa8e0e226,1
774,1096,bb019786-a8fe-4107-a59d-577859407b1f,1
775,1096,beba627b-fad2-4d4f-aa8c-be0938bfa8a5,1
776,1096,bee36a53-75a7-4d73-8ed1-be09cb4bc3de,1
777,1096,ca380b7f-37dd-44b0-9e0d-34da6efd7940,1
778,1096,ccb778dc-79d0-4aed-b358-1e9a208b1664,1
779,1096,d2b556a5-fbe2-4f45-b35d-5647358f2251,1
780,1096,d4c3d6f3-bf98-4acc-acc7-0d87a00336aa,1
781,1096,e00b644f-00c8-4fb8-8f78-87931c01f91c,1
782,1096,e1272eef-0707-477b-aeb5-da5e396dfaec,1
783,1096,e1e1dac0-153f-4000-88dc-d5185d53bd04,1
784,1096,e48b57fd-ac5e-4c01-9fc9-75804d749c4b,1
785,1096,e9135d4c-e363-48c3-ba7b-7a18b3145f0a,1
786,1096,ea7c6613-94bb-4f28-b55b-399ff2c7e848,1
787,1096,f1b85d6a-20d6-482b-bc36-76babda6e9ec,1
788,1096,f273b499-5f20-4a0f-996a-bba39791cd0c,1
789,1096,f292bfa2-f11b-43c3-9053-1fe5f9e30a08,1
790,1096,f68dea18-76dc-463e-a3a2-2793b694f811,1
791,1096,f76c81c0-691b-48b2-b60d-3a73f8391151,1
792,1096,f848b34f-f277-4db0-b98f-53b6e4f2b0cd,1
793,1096,fe53696f-5592-433d-a8e2-488e5917e3a3,1
794,1096,fe702c47-582b-4b27-98cd-42cd91d89f5c,1
795,1098,00db3026-4d10-433d-b99c-43d373cd8690,1
796,1098,07e19476-ebc2-415c-bbef-883797f6c2bc,1
797,1098,08e44c36-28e9-4cce-8587-94af55561732,1
798,1098,100,2
799,1098,10402,1
800,1098,10415,1
801,1098,10416,1
802,1098,1655562e-2b58-4f61-ac9c-333530202f41,1
803,1098,20438cda-af49-4c46-a659-3376ee823610,1
804,1098,204f9b4b-2a73-4264-a387-9d9024bfd837,1
805,1098,23ce766f-0c23-45f4-8a66-0c353e295cf9,2
806,1098,23eb0740-b1da-455b-8105-ef628fd8adb9,1
807,1098,2401,1
808,1098,2420,1
809,1098,24f39d06-9005-4e46-91d3-00119110445d,1
810,1098,25,1
811,1098,2748,1
812,1098,2749,1
813,1098,3231dfb7-8aae-4997-9d03-9705f3b898f1,1
814,1098,3567,1
815,1098,3569,1
816,1098,360c0a07-840e-4450-9ff2-792e9e980f5c,1
817,1098,3a2ed5a6-a99f-4556-9a3d-f3b2573c246f,1
818,1098,3d448dc4-66be-47dc-b816-8f5c7d4945f5,1
819,1098,3f30ca95-6e6e-4a43-aa76-8f4f8e5859e1,2
820,1098,4078,1
821,1098,40a50d55-cd0d-4d77-90ed-3fa97335f998,1
822,1098,4282f52d-14ab-4684-8c99-d62a53010827,2
823,1098,430fad21-edb0-4c29-80cc-0595d939a01b,1
824,1098,48589a35-0ee6-404c-8299-0f3b48f05b03,2
825,1098,489f1edf-3832-4c86-b080-f338296aa830,1
826,1098,495b4dbf-72ca-4b33-bcaf-1cb6cbf2bee4,1
827,1098,513b31df-a5c4-48ed-b504-0f146bcc1062,1
828,1098,5218,1
829,1098,52516705-7d75-4340-9515-bb366e80bd7d,1
830,1098,59227abe-045b-4564-b998-a1a0579ec0bb,1
831,1098,5e965046-2e46-4cfe-ab5b-998a08ad1e7d,1
832,1098,6293,1
833,1098,6548,1
834,1098,7518d89f-847f-4e28-a24b-e27610b7688a,2
835,1098,7886f22a-4002-44d2-a0ae-22c430253412,1
836,1098,7b236b39-576e-4a6d-8611-85ba71387ba5,1
837,1098,7e464a37-c7df-4446-be7d-e46fc979dd31,1
838,1098,822efa1d-318a-4b87-97a0-241b1e50bfbd,1
839,1098,86cee7f5-5ff1-4cf1-a980-dcbaaa2039ec,1
840,1098,8dd4935c-1124-40d9-8116-7472c8ff6392,1
841,1098,8e84b382-9a08-407b-b0ad-5c613fcb6026,1
842,1098,8ed10be3-0682-4b31-bb61-a8853a5c5a8f,1
843,1098,8ed554cc-8207-4b6d-be96-d699d96ad821,1
844,1098,8ed56c83-9ec8-4fe9-ac74-eac6bdbf4f62,1
845,1098,8ed56e76-ba8b-48dc-96ce-22add462f2e2,1
846,1098,8ed56fcc-57bf-4930-a302-b509a9568ae9,1
847,1098,8ed56fcd-e7c1-40ac-8081-65ca68946ed8,1
848,1098,8ed5885f-44c6-4aa4-ae1c-14670eb7d768,1
849,1098,8ed58caf-b0d2-46b2-a5a6-3f47b656048f,2
850,1098,8ed58d63-e925-45c0-849e-ff9a71d38b40,2
851,1098,8ed58e6e-3b3c-4356-b9e3-d2dcf4e5973d,1
852,1098,8ed590b2-d73d-4a88-9160-80dffb0cdac7,1
853,1098,8ed59136-514e-46be-90c9-d78b99f7d7c5,1
854,1098,8ed59916-a55a-43a6-a3e5-27fa31bb8ac1,1
855,1098,8edf6865-7898-4ab0-8456-70dcb083730a,1
856,1098,8ee5509f-41ff-47db-a99c-2e520ecd598e,1
857,1098,8ee55608-3468-48c2-a9e3-9113752a1f4e,1
858,1098,8ee55861-dd87-4567-8274-b58a93d0a7c8,1
859,1098,8ee55861-e12b-4819-9c84-95f38b4360b1,1
860,1098,8ee55861-e49c-4c2f-86ab-bdbdfd9a1049,1
861,1098,8ee55861-ecc7-403d-b9de-ef88e5cbcd6a,1
862,1098,8ee55861-f599-4c60-8a38-ba8864b4df07,1
863,1098,8ee55861-f742-4f6a-a180-a4e22030129b,1
864,1098,8ee55861-ffe8-4255-8a8d-6aad67603616,1
865,1098,8ee55b71-a5ba-441d-a0e1-b7e359f9e5e1,1
866,1098,8ee55c5b-0549-437a-ba1d-03e108c6ffe8,2
867,1098,8ee55dfc-d78a-4fbe-b902-0bcb77c9b835,1
868,1098,8ee55ee4-4985-4420-bfe9-f19397ad8230,1
869,1098,8ee55fd0-bd21-4d54-814e-a92d5646b801,1
870,1098,8ee56304-7775-4cbc-8dca-51c3865fac08,1
871,1098,8ee563b5-02d2-42bb-b63b-3b24e08911a5,1
872,1098,8ee5e4ce-9da9-4c85-b7f8-afa402cd70df,1
873,1098,8ee5e564-0553-4741-b9da-17e69ba6db9b,1
874,1098,8ee5e631-1548-43ad-9f79-98c7263c7e86,1
875,1098,8ee5ec58-8aa8-4dba-81ba-5afbd05a3c75,1
876,1098,8ee5ed49-79d3-47fb-8ea9-6f23a13b378a,1
877,1098,8ee5eff6-583a-4edd-b6fa-7edb25796ed6,1
878,1098,8ee5f1ee-9f89-4d32-9298-952bbf9206b1,1
879,1098,8ee5f304-ef69-4283-811d-e57665c29521,1
880,1098,8ee5f404-d05b-4ba7-a5ad-90a075bab64f,1
881,1098,8ee5f4f2-7894-48c6-9e39-afafb06288a2,1
882,1098,8ee5f591-3df7-4deb-afb0-cbd8576cbe60,1
883,1098,8ee7531f-7ac7-4923-8af0-323b05ed1b69,1
884,1098,8ee75384-5208-4df4-8cd4-6bf1153aad71,1
885,1098,8ee755fd-0655-4b9e-a941-a28c519c7c59,1
886,1098,8ee75a0a-b5bf-40e1-a495-0b7fefc2e6ae,1
887,1098,8ee75ac9-89e4-49a9-8611-8dee3789a862,1
888,1098,8ee75be2-5ae8-43d2-b9c1-ad46ef91a5e1,1
889,1098,8ee75c69-4556-4732-a1b5-8b5dc8256cfc,1
890,1098,8ee75e71-3bed-4b7d-b63a-77d070cca732,1
891,1098,8ee7b987-c28b-4d7d-bf4b-11c465fd7bee,1
892,1098,8ee7b987-eafb-42b4-b98c-0564d254829e,1
893,1098,8ef77473-a065-4394-985e-4d649b58f711,1
894,1098,8efb75a0-8832-4212-a0f9-5484e20c58ce,1
895,1098,8efb7dbb-a475-49e4-88f8-5953018f4cb2,1
896,1098,8efb803d-fdb4-4208-8494-793ee2b6c211,1
897,1098,8efc1194-0f18-4ab3-a6b4-ccbc04dd56d5,1
898,1098,8f05f1ae-f0ff-470b-a20b-fad70fb9c711,1
899,1098,8f0605b1-7b3c-479e-8a11-e7df0124eb54,1
900,1098,8f060f4a-950d-42f5-9c66-07c75acdb688,1
901,1098,8f0611bd-82a3-474f-b6ac-01b4d80ddf5d,1
902,1098,8f06145a-7671-475e-9873-3df05de4ba91,1
903,1098,8f1e115a-9eb4-46d4-a88b-272a25a1f6a5,1
904,1098,8f1e115a-a469-433d-adf7-e259afac8c4c,1
905,1098,8f1e115a-bb35-4f72-9816-42d97d729f36,1
906,1098,8f1e115a-be84-4b14-a254-b653cddd9b56,1
907,1098,8f1e115d-6056-4056-961d-5813c3739417,1
908,1098,8f1e115d-a1d5-4c70-9de3-356e9644a704,1
909,1098,8f1e115e-b363-4ded-b949-c355997c2eab,1
910,1098,8f1e1161-b27b-4e6c-9749-f384116990c6,1
911,1098,8f1e1162-491c-444c-9d43-8c58891eeeac,1
912,1098,8f1e1163-192c-4bf5-95ca-f0c5f308dbb5,1
913,1098,8f1e1163-d720-4f60-ad52-2aec90833e00,1
914,1098,8f1e1165-6da6-4d21-8472-ce96c8a49a29,1
915,1098,8f1e116a-cfba-42d6-8b8b-b60f5bac216e,1
916,1098,8f1e116a-e08a-490f-8273-ab61fa600f02,1
917,1098,8f1e1e45-28b2-4d4f-8059-a7a252689573,1
918,1098,8f1e1ec7-49c5-4210-a083-bd9e9af18231,1
919,1098,8f1e2050-0f70-407e-ad77-703053a15622,1
920,1098,9a81750b-cf14-4ebb-bf12-453b17c85505,1
921,1098,9cadd6eb-777c-4d40-a186-072bbf7589d0,1
922,1098,aa0e09ec-77ad-46b1-8865-dc379c254356,1
923,1098,adc4b06b-b15e-4387-9479-fbca2dc85799,1
924,1098,ae061bc5-a47d-46a0-8fd4-dd98506c86b3,1
925,1098,ae5662a9-e3df-45a7-a7ff-ae9e8098eb37,1
926,1098,afec20d0-e9a7-4760-b3d5-b1cb892e45df,1
927,1098,b09fe3e9-f6ea-4e1e-83bc-428455f1b82f,1
928,1098,b6bd3e8d-a806-43eb-b72a-38f9e4b7fb00,1
929,1098,b9aa48d7-1589-4580-ad0d-5b2aa8e0e226,1
930,1098,ba79baed-2149-4059-ba77-e88c90d63060,1
931,1098,bb019786-a8fe-4107-a59d-577859407b1f,1
932,1098,beba627b-fad2-4d4f-aa8c-be0938bfa8a5,1
933,1098,cc6265e9-5fc4-4798-a05f-8609ada59f40,1
934,1098,cfb30f0e-af8e-4309-83a3-9ccde51418ca,1
935,1098,d0e0618c-041b-40a4-a2b1-e46f334614a3,1
936,1098,d4c3d6f3-bf98-4acc-acc7-0d87a00336aa,1
937,1098,dd9554ce-e674-4956-a90a-a882bc069360,1
938,1098,e0b961d3-9fcc-4fda-83a8-2cd673bf41ed,1
939,1098,e804aaae-6268-4117-8fcb-2302825be98a,1
940,1098,ed63b831-bcd9-4b43-8a8c-5fbf6e65ab71,1
941,1098,f273b499-5f20-4a0f-996a-bba39791cd0c,1
942,1098,f59a2078-7b73-4bf5-af9a-4aad56b33184,1
943,1098,f76c81c0-691b-48b2-b60d-3a73f8391151,1
944,1098,f848b34f-f277-4db0-b98f-53b6e4f2b0cd,2
945,1098,fe53696f-5592-433d-a8e2-488e5917e3a3,1
946,1100,000051b3-1cbd-47d3-8e00-e2e40475734c,3
947,1100,00db3026-4d10-433d-b99c-43d373cd8690,3
948,1100,03190770-b63a-4b2d-896f-365731d134c0,2
949,1100,05678e16-dbb8-4236-9ae9-431600c46b19,2
950,1100,08e44c36-28e9-4cce-8587-94af55561732,4
951,1100,0fba29dc-cb75-482f-b0b8-f694373c300f,2
952,1100,1655562e-2b58-4f61-ac9c-333530202f41,3
953,1100,20438cda-af49-4c46-a659-3376ee823610,3
954,1100,204f9b4b-2a73-4264-a387-9d9024bfd837,3
955,1100,21d56859-3b83-49f6-8492-b6c6bd978888,2
956,1100,23eb0740-b1da-455b-8105-ef628fd8adb9,6
957,1100,24f39d06-9005-4e46-91d3-00119110445d,3
958,1100,25,1
959,1100,255cf727-2fb9-41d9-a33f-f00ecb241f2b,2
960,1100,27a01cfa-37ed-405b-bbc8-6a5dc3c43e25,3
961,1100,3231dfb7-8aae-4997-9d03-9705f3b898f1,3
962,1100,360c0a07-840e-4450-9ff2-792e9e980f5c,3
963,1100,368bda2e-b213-4025-a90f-0d164d1f32c8,3
964,1100,3921b850-e11d-47c5-b0f7-5c162ac33f69,3
965,1100,3a2ed5a6-a99f-4556-9a3d-f3b2573c246f,3
966,1100,3afdd5e0-88d0-4f34-baa4-c218c607789e,2
967,1100,3d448dc4-66be-47dc-b816-8f5c7d4945f5,3
968,1100,3f30ca95-6e6e-4a43-aa76-8f4f8e5859e1,2
969,1100,3fa86846-2a1d-4b70-94f8-a536b1a000aa,4
970,1100,40a50d55-cd0d-4d77-90ed-3fa97335f998,3
971,1100,4282f52d-14ab-4684-8c99-d62a53010827,3
972,1100,489f1edf-3832-4c86-b080-f338296aa830,3
973,1100,495b4dbf-72ca-4b33-bcaf-1cb6cbf2bee4,3
974,1100,513b31df-a5c4-48ed-b504-0f146bcc1062,3
975,1100,51896345-eba8-4bd1-9916-40b578fd5f0d,3
976,1100,52516705-7d75-4340-9515-bb366e80bd7d,3
977,1100,59227abe-045b-4564-b998-a1a0579ec0bb,3
978,1100,5df057fc-9f95-4e93-8e84-d8d8b6313786,3
979,1100,5e9ef4a5-3c8a-4280-93c1-bc7ce02527ed,4
980,1100,6537a656-bf8b-41f7-95d8-925517a5be67,4
981,1100,6d15557d-8ab8-48ac-9a72-8317eb38fe2c,2
982,1100,73f9dc3c-ffef-45bf-8dc4-f1a911a2d277,2
983,1100,75aa2e66-7f09-4078-b6f7-042caa9bf98e,1
984,1100,76e83cea-fc2e-4aad-a128-6dac176ea511,3
985,1100,7886f22a-4002-44d2-a0ae-22c430253412,3
986,1100,822efa1d-318a-4b87-97a0-241b1e50bfbd,3
987,1100,82fee792-e28a-409e-812f-91334a50a134,3
988,1100,8e870cc7-68f2-493b-9174-0e7e87f4eaec,1
989,1100,8eb154cc-7dff-4d83-80ea-772af7a933d5,1
990,1100,9805f21c-8d3a-4e1a-bbc2-26f8fbffabc1,3
991,1100,9a81750b-cf14-4ebb-bf12-453b17c85505,2
992,1100,9cadd6eb-777c-4d40-a186-072bbf7589d0,4
993,1100,aa0e09ec-77ad-46b1-8865-dc379c254356,3
994,1100,adc4b06b-b15e-4387-9479-fbca2dc85799,4
995,1100,ae061bc5-a47d-46a0-8fd4-dd98506c86b3,3
996,1100,ae5662a9-e3df-45a7-a7ff-ae9e8098eb37,3
997,1100,afec20d0-e9a7-4760-b3d5-b1cb892e45df,4
998,1100,b09fe3e9-f6ea-4e1e-83bc-428455f1b82f,3
999,1100,b6bd3e8d-a806-43eb-b72a-38f9e4b7fb00,2
1000,1100,b8c7de59-7ac5-4599-8d16-82eae895acbf,3
1001,1100,b9aa48d7-1589-4580-ad0d-5b2aa8e0e226,3
1002,1100,ba79baed-2149-4059-ba77-e88c90d63060,3
1003,1100,bb019786-a8fe-4107-a59d-577859407b1f,3
1004,1100,beba627b-fad2-4d4f-aa8c-be0938bfa8a5,2
1005,1100,bee36a53-75a7-4d73-8ed1-be09cb4bc3de,4
1006,1100,c21caef4-2052-4310-aad8-91472b3e146c,2
1007,1100,c2d5a8bf-009c-4361-8c29-5a3a75818d09,1
1008,1100,cb51e076-5e0b-4684-9e2e-57c6215c73fd,3
1009,1100,cfb30f0e-af8e-4309-83a3-9ccde51418ca,3
1010,1100,d0e0618c-041b-40a4-a2b1-e46f334614a3,3
1011,1100,d4c3d6f3-bf98-4acc-acc7-0d87a00336aa,3
1012,1100,dd9554ce-e674-4956-a90a-a882bc069360,3
1013,1100,e00b644f-00c8-4fb8-8f78-87931c01f91c,4
1014,1100,e0b961d3-9fcc-4fda-83a8-2cd673bf41ed,3
1015,1100,e1e1dac0-153f-4000-88dc-d5185d53bd04,3
1016,1100,e48b57fd-ac5e-4c01-9fc9-75804d749c4b,3
1017,1100,e804aaae-6268-4117-8fcb-2302825be98a,5
1018,1100,e9135d4c-e363-48c3-ba7b-7a18b3145f0a,3
1019,1100,ea3c42e8-bfef-468e-86d3-1a705f698f27,1
1020,1100,ea7c6613-94bb-4f28-b55b-399ff2c7e848,3
1021,1100,eb379655-d3c3-42bd-95c0-c898c0f4a5f0,1
1022,1100,ed63b831-bcd9-4b43-8a8c-5fbf6e65ab71,4
1023,1100,f1b85d6a-20d6-482b-bc36-76babda6e9ec,3
1024,1100,f273b499-5f20-4a0f-996a-bba39791cd0c,3
1025,1100,f292bfa2-f11b-43c3-9053-1fe5f9e30a08,3
1026,1100,f68dea18-76dc-463e-a3a2-2793b694f811,2
1027,1100,f76c81c0-691b-48b2-b60d-3a73f8391151,3
1028,1100,f848b34f-f277-4db0-b98f-53b6e4f2b0cd,2
1029,1100,fe53696f-5592-433d-a8e2-488e5917e3a3,3
1030,1100,fe702c47-582b-4b27-98cd-42cd91d89f5c,2
1031,1100,fe849f4f-904a-4e77-a0f8-05a7dadde04e,3
1032,1101,000051b3-1cbd-47d3-8e00-e2e40475734c,1
1033,1101,00db3026-4d10-433d-b99c-43d373cd8690,1
1034,1101,05678e16-dbb8-4236-9ae9-431600c46b19,1
1035,1101,07ce3275-6366-422b-bf89-a2935a633b75,1
1036,1101,07e19476-ebc2-415c-bbef-883797f6c2bc,1
1037,1101,0a899187-4249-4dd0-97be-aeb5273aae03,1
1038,1101,1655562e-2b58-4f61-ac9c-333530202f41,1
1039,1101,1803d6f3-b0a7-4b8f-84b8-acfac44ad0d7,1
1040,1101,186ada2d-d12e-484b-ae7c-6bd2899b81bd,1
1041,1101,1be8a143-a311-4743-8654-2141507fc238,1
1042,1101,1ebe39c4-72a8-4d8b-a45c-2145f5d96054,2
1043,1101,20438cda-af49-4c46-a659-3376ee823610,1
1044,1101,204f9b4b-2a73-4264-a387-9d9024bfd837,1
1045,1101,21d56859-3b83-49f6-8492-b6c6bd978888,1
1046,1101,23eb0740-b1da-455b-8105-ef628fd8adb9,1
1047,1101,25,1
1048,1101,255cf727-2fb9-41d9-a33f-f00ecb241f2b,1
1049,1101,27a01cfa-37ed-405b-bbc8-6a5dc3c43e25,1
1050,1101,3231dfb7-8aae-4997-9d03-9705f3b898f1,1
1051,1101,33a67ece-c05a-462e-ad03-957d18d284fb,1
1052,1101,34327712-520e-4f34-a0d2-235897d75a67,1
1053,1101,3473d3d9-5991-4dda-8b2e-9ef1406b18cf,1
1054,1101,354a083f-fce1-413c-975e-9bc53dc1fe90,1
1055,1101,360c0a07-840e-4450-9ff2-792e9e980f5c,1
1056,1101,368bda2e-b213-4025-a90f-0d164d1f32c8,1
1057,1101,3921b850-e11d-47c5-b0f7-5c162ac33f69,1
1058,1101,3a2ed5a6-a99f-4556-9a3d-f3b2573c246f,1
1059,1101,3a54f896-0527-43a2-9542-a67a89594afb,1
1060,1101,3a949575-db41-467e-b77a-2f78ea499e63,1
1061,1101,3afdd5e0-88d0-4f34-baa4-c218c607789e,1
1062,1101,3d448dc4-66be-47dc-b816-8f5c7d4945f5,1
1063,1101,3f30ca95-6e6e-4a43-aa76-8f4f8e5859e1,1
1064,1101,3fa86846-2a1d-4b70-94f8-a536b1a000aa,1
1065,1101,4282f52d-14ab-4684-8c99-d62a53010827,1
1066,1101,42f459e9-dccd-4ccb-a197-58fa7d4836c7,1
1067,1101,430fad21-edb0-4c29-80cc-0595d939a01b,1
1068,1101,489f1edf-3832-4c86-b080-f338296aa830,1
1069,1101,492a3aaf-1be1-4168-a6d4-6c0a0a171d7f,1
1070,1101,495b4dbf-72ca-4b33-bcaf-1cb6cbf2bee4,1
1071,1101,513b31df-a5c4-48ed-b504-0f146bcc1062,1
1072,1101,51896345-eba8-4bd1-9916-40b578fd5f0d,1
1073,1101,59227abe-045b-4564-b998-a1a0579ec0bb,1
1074,1101,59286d02-a7c1-42d6-a570-7a3af9e3785d,1
1075,1101,5a9e70ee-635e-4f26-b11f-62c5ebb41f45,1
1076,1101,5b923377-1b20-4036-ab33-57695ca62bf6,1
1077,1101,5ce49e41-5d1d-44e1-97bd-454060cf10b3,1
1078,1101,5df057fc-9f95-4e93-8e84-d8d8b6313786,1
1079,1101,5e9ef4a5-3c8a-4280-93c1-bc7ce02527ed,1
1080,1101,60a8f65e-a23f-4a5b-a05c-dda9e636a814,1
1081,1101,6537a656-bf8b-41f7-95d8-925517a5be67,1
1082,1101,73f9dc3c-ffef-45bf-8dc4-f1a911a2d277,1
1083,1101,76e83cea-fc2e-4aad-a128-6dac176ea511,1
1084,1101,7aaf678d-ef62-4827-9678-1a4a367942b2,1
1085,1101,7b236b39-576e-4a6d-8611-85ba71387ba5,1
1086,1101,7dafc455-e1eb-4f20-9a3f-6c7281182245,1
1087,1101,7e464a37-c7df-4446-be7d-e46fc979dd31,1
1088,1101,7fc8aa07-53cb-45da-8a1b-0ebf76a43214,1
1089,1101,822efa1d-318a-4b87-97a0-241b1e50bfbd,1
1090,1101,82fee792-e28a-409e-812f-91334a50a134,1
1091,1101,86680d72-cb04-46d4-8d4c-097c13ca462a,1
1092,1101,86cee7f5-5ff1-4cf1-a980-dcbaaa2039ec,1
1093,1101,8b71484b-b0ba-4f86-87cc-250c83e921ad,1
1094,1101,8d5a7196-2c02-4bc5-9fa3-74e949db6984,1
1095,1101,8dd4935c-1124-40d9-8116-7472c8ff6392,2
1096,1101,8e870cc7-68f2-493b-9174-0e7e87f4eaec,1
1097,1101,8eb154cc-7dff-4d83-80ea-772af7a933d5,1
1098,1101,8eb191d3-b541-4be2-a40f-a78d21356bc3,1
1099,1101,8eb191d3-cae2-43c0-b7ce-a0a91f002b8f,1
1100,1101,8eb191d4-884e-496f-ace8-6f320db3d8a0,1
1101,1101,8ed56fcc-b6b0-41b8-be47-ceaad18601d5,1
1102,1101,8ed56fcc-d561-4bc1-a0f9-36783ddc35eb,1
1103,1101,8ed56fcc-da63-45fa-b681-5acdd835a3cf,1
1104,1101,8ed56fcc-f19c-4e9b-b141-3eb99b70a998,1
1105,1101,8ed56fcd-8ca2-4f5a-82c4-dd694185b367,1
1106,1101,8ed56fcd-a959-4e6a-a441-5864a60f084b,1
1107,1101,8ed56fcd-eb54-449b-9ffd-9572c1de024d,1
1108,1101,8ee3da2a-c851-4da8-ba57-55dab4e7e4f6,1
1109,1101,8ee5509f-41ff-47db-a99c-2e520ecd598e,1
1110,1101,8ee55608-3468-48c2-a9e3-9113752a1f4e,1
1111,1101,8ee785af-8637-4430-9d4e-3b6d466f25a2,1
1112,1101,8ee7b987-c28b-4d7d-bf4b-11c465fd7bee,1
1113,1101,8ee7ce6c-7790-4bcb-a54f-da0543e30cc1,1
1114,1101,8ee7cf11-4d2f-4f5d-bf2d-e03cbd25737e,1
1115,1101,8ee7d387-b2b6-4ebc-a13f-7ad166052492,1
1116,1101,8ee7d40a-c584-4f71-a493-9cd54b8365d0,1
1117,1101,8ee7d501-c7e2-466d-a547-2525af112176,1
1118,1101,8ee7d5a2-f71f-4d5e-9d6d-b9ad880ab1a3,1
1119,1101,8ee7d6e3-034a-41b0-b628-960c51ee3520,1
1120,1101,8ee7d75b-1d6f-4d7c-84e7-d991be1a7926,1
1121,1101,8ee7d93a-f812-4572-ad58-95e00944ddac,1
1122,1101,936add3a-4ff4-4f05-9606-8228a0288bda,1
1123,1101,95027f8a-ca30-4fc3-a191-1eb849f604c3,1
1124,1101,9805f21c-8d3a-4e1a-bbc2-26f8fbffabc1,1
1125,1101,980fe044-b999-4b64-8f93-ff5afb094ad5,1
1126,1101,9a4737a2-926a-4c85-9816-78fd6aad6333,1
1127,1101,9a81750b-cf14-4ebb-bf12-453b17c85505,1
1128,1101,9b215be0-0a2c-4c2f-a3b7-4d3d0c35f697,1
1129,1101,9bc3abf8-67a5-4718-8b9b-1cd88c7b99fa,2
1130,1101,9bfa4e1d-299b-47f0-b5ed-ccb9626dbeea,1
1131,1101,9cadd6eb-777c-4d40-a186-072bbf7589d0,1
1132,1101,a2da8da7-9222-4c3f-bd5c-2b1c63689c65,1
1133,1101,a541dc0d-3f56-483d-8a6d-8fff63fd3b62,1
1134,1101,adc4b06b-b15e-4387-9479-fbca2dc85799,1
1135,1101,ae061bc5-a47d-46a0-8fd4-dd98506c86b3,1
1136,1101,ae2ed0dc-f325-4655-ad17-6bf1eaff54c9,1
1137,1101,aeafeb21-05bb-4cef-af4a-a35943c9e4f9,1
1138,1101,afec20d0-e9a7-4760-b3d5-b1cb892e45df,1
1139,1101,b12e6297-2b42-4ba5-8359-198520012da1,1
1140,1101,b3f7f008-798f-4e12-ab42-70e3ddde8b43,1
1141,1101,b6bd3e8d-a806-43eb-b72a-38f9e4b7fb00,1
1142,1101,b8c7de59-7ac5-4599-8d16-82eae895acbf,1
1143,1101,b9aa48d7-1589-4580-ad0d-5b2aa8e0e226,1
1144,1101,bb019786-a8fe-4107-a59d-577859407b1f,1
1145,1101,bc310538-5bc1-4e4f-8514-397c416a3031,1
1146,1101,beba627b-fad2-4d4f-aa8c-be0938bfa8a5,1
1147,1101,bee36a53-75a7-4d73-8ed1-be09cb4bc3de,1
1148,1101,c21caef4-2052-4310-aad8-91472b3e146c,1
1149,1101,ca380b7f-37dd-44b0-9e0d-34da6efd7940,1
1150,1101,ccb778dc-79d0-4aed-b358-1e9a208b1664,1
1151,1101,d4c3d6f3-bf98-4acc-acc7-0d87a00336aa,1
1152,1101,d69fde24-a2c0-4acf-9aab-cf96125981ef,1
1153,1101,dc77b992-02bb-49e2-922b-911a78013cf8,1
1154,1101,e00b644f-00c8-4fb8-8f78-87931c01f91c,1
1155,1101,e1e1dac0-153f-4000-88dc-d5185d53bd04,1
1156,1101,e48b57fd-ac5e-4c01-9fc9-75804d749c4b,1
1157,1101,e804aaae-6268-4117-8fcb-2302825be98a,1
1158,1101,e9135d4c-e363-48c3-ba7b-7a18b3145f0a,1
1159,1101,e9314968-12d3-448f-a444-e910d085dce9,1
1160,1101,e948b4ab-fac0-431d-9844-21ecbfb973ba,1
1161,1101,ea3c42e8-bfef-468e-86d3-1a705f698f27,1
1162,1101,ea7c6613-94bb-4f28-b55b-399ff2c7e848,1
1163,1101,eb379655-d3c3-42bd-95c0-c898c0f4a5f0,1
1164,1101,ebcbb89f-99d1-4f9d-a882-da510849df3d,1
1165,1101,ed63b831-bcd9-4b43-8a8c-5fbf6e65ab71,1
1166,1101,f1b85d6a-20d6-482b-bc36-76babda6e9ec,1
1167,1101,f292bfa2-f11b-43c3-9053-1fe5f9e30a08,1
1168,1101,f3ee6a3b-0983-4b0b-a56d-cb6a0f51d7e7,1
1169,1101,f59a2078-7b73-4bf5-af9a-4aad56b33184,1
1170,1101,f68dea18-76dc-463e-a3a2-2793b694f811,1
1171,1101,f72efb77-cb51-471f-9c20-340169b34eb8,1
1172,1101,f76c81c0-691b-48b2-b60d-3a73f8391151,1
1173,1101,f848b34f-f277-4db0-b98f-53b6e4f2b0cd,1
1174,1101,fe53696f-5592-433d-a8e2-488e5917e3a3,1
1175,1101,fe702c47-582b-4b27-98cd-42cd91d89f5c,1
1176,1101,fe849f4f-904a-4e77-a0f8-05a7dadde04e,1
1177,1102,000051b3-1cbd-47d3-8e00-e2e40475734c,1
1178,1102,21d56859-3b83-49f6-8492-b6c6bd978888,1
1179,1102,255cf727-2fb9-41d9-a33f-f00ecb241f2b,1
1180,1102,27a01cfa-37ed-405b-bbc8-6a5dc3c43e25,1
1181,1102,3231dfb7-8aae-4997-9d03-9705f3b898f1,1
1182,1102,368bda2e-b213-4025-a90f-0d164d1f32c8,1
1183,1102,3921b850-e11d-47c5-b0f7-5c162ac33f69,1
1184,1102,3f30ca95-6e6e-4a43-aa76-8f4f8e5859e1,1
1185,1102,4282f52d-14ab-4684-8c99-d62a53010827,1
1186,1102,495b4dbf-72ca-4b33-bcaf-1cb6cbf2bee4,1
1187,1102,513b31df-a5c4-48ed-b504-0f146bcc1062,1
1188,1102,51896345-eba8-4bd1-9916-40b578fd5f0d,1
1189,1102,59227abe-045b-4564-b998-a1a0579ec0bb,1
1190,1102,59286d02-a7c1-42d6-a570-7a3af9e3785d,1
1191,1102,73f9dc3c-ffef-45bf-8dc4-f1a911a2d277,1
1192,1102,822efa1d-318a-4b87-97a0-241b1e50bfbd,1
1193,1102,9805f21c-8d3a-4e1a-bbc2-26f8fbffabc1,1
1194,1102,b6bd3e8d-a806-43eb-b72a-38f9e4b7fb00,1
1195,1102,b9aa48d7-1589-4580-ad0d-5b2aa8e0e226,1
1196,1102,e00b644f-00c8-4fb8-8f78-87931c01f91c,1
1197,1102,e1e1dac0-153f-4000-88dc-d5185d53bd04,1
1198,1102,e48b57fd-ac5e-4c01-9fc9-75804d749c4b,1
1199,1102,e9135d4c-e363-48c3-ba7b-7a18b3145f0a,1
1200,1102,ea7c6613-94bb-4f28-b55b-399ff2c7e848,1
1201,1102,f1b85d6a-20d6-482b-bc36-76babda6e9ec,1
1202,1102,f292bfa2-f11b-43c3-9053-1fe5f9e30a08,1
1203,1102,f68dea18-76dc-463e-a3a2-2793b694f811,1
1204,1102,f76c81c0-691b-48b2-b60d-3a73f8391151,1
1205,1102,fe53696f-5592-433d-a8e2-488e5917e3a3,1
1206,1102,fe702c47-582b-4b27-98cd-42cd91d89f5c,1
1207,1102,fe849f4f-904a-4e77-a0f8-05a7dadde04e,1
1208,1103,000051b3-1cbd-47d3-8e00-e2e40475734c,1
1209,1103,00db3026-4d10-433d-b99c-43d373cd8690,1
1210,1103,03190770-b63a-4b2d-896f-365731d134c0,1
1211,1103,03dc66b3-e7e7-40cc-ae36-80bf989e0d30,1
1212,1103,05678e16-dbb8-4236-9ae9-431600c46b19,1
1213,1103,07e19476-ebc2-415c-bbef-883797f6c2bc,1
1214,1103,08e44c36-28e9-4cce-8587-94af55561732,1
1215,1103,0a899187-4249-4dd0-97be-aeb5273aae03,1
1216,1103,1655562e-2b58-4f61-ac9c-333530202f41,1
1217,1103,186ada2d-d12e-484b-ae7c-6bd2899b81bd,1
1218,1103,1be8a143-a311-4743-8654-2141507fc238,1
1219,1103,1ebe39c4-72a8-4d8b-a45c-2145f5d96054,1
1220,1103,20438cda-af49-4c46-a659-3376ee823610,1
1221,1103,204f9b4b-2a73-4264-a387-9d9024bfd837,1
1222,1103,21d56859-3b83-49f6-8492-b6c6bd978888,1
1223,1103,23eb0740-b1da-455b-8105-ef628fd8adb9,1
1224,1103,24f39d06-9005-4e46-91d3-00119110445d,1
1225,1103,25,1
1226,1103,255cf727-2fb9-41d9-a33f-f00ecb241f2b,1
1227,1103,27a01cfa-37ed-405b-bbc8-6a5dc3c43e25,1
1228,1103,2c7055dd-b5b4-4621-816d-c662cceb9f21,1
1229,1103,3231dfb7-8aae-4997-9d03-9705f3b898f1,1
1230,1103,34327712-520e-4f34-a0d2-235897d75a67,1
1231,1103,3473d3d9-5991-4dda-8b2e-9ef1406b18cf,1
1232,1103,354a083f-fce1-413c-975e-9bc53dc1fe90,1
1233,1103,360c0a07-840e-4450-9ff2-792e9e980f5c,1
1234,1103,368bda2e-b213-4025-a90f-0d164d1f32c8,1
1235,1103,3921b850-e11d-47c5-b0f7-5c162ac33f69,1
1236,1103,3a2ed5a6-a99f-4556-9a3d-f3b2573c246f,1
1237,1103,3a54f896-0527-43a2-9542-a67a89594afb,1
1238,1103,3a949575-db41-467e-b77a-2f78ea499e63,1
1239,1103,3d448dc4-66be-47dc-b816-8f5c7d4945f5,1
1240,1103,3f30ca95-6e6e-4a43-aa76-8f4f8e5859e1,1
1241,1103,3fa86846-2a1d-4b70-94f8-a536b1a000aa,1
1242,1103,40a50d55-cd0d-4d77-90ed-3fa97335f998,1
1243,1103,4282f52d-14ab-4684-8c99-d62a53010827,1
1244,1103,42f459e9-dccd-4ccb-a197-58fa7d4836c7,1
1245,1103,489f1edf-3832-4c86-b080-f338296aa830,1
1246,1103,492a3aaf-1be1-4168-a6d4-6c0a0a171d7f,1
1247,1103,495b4dbf-72ca-4b33-bcaf-1cb6cbf2bee4,1
1248,1103,511e576e-b047-4015-8d5b-d712d25eae88,1
1249,1103,513b31df-a5c4-48ed-b504-0f146bcc1062,1
1250,1103,51896345-eba8-4bd1-9916-40b578fd5f0d,1
1251,1103,59227abe-045b-4564-b998-a1a0579ec0bb,1
1252,1103,59286d02-a7c1-42d6-a570-7a3af9e3785d,1
1253,1103,5a9e70ee-635e-4f26-b11f-62c5ebb41f45,1
1254,1103,5b923377-1b20-4036-ab33-57695ca62bf6,1
1255,1103,5caa744e-3b5d-4e16-88bd-9db9353ebb13,1
1256,1103,5ce49e41-5d1d-44e1-97bd-454060cf10b3,1
1257,1103,5df057fc-9f95-4e93-8e84-d8d8b6313786,1
1258,1103,60a8f65e-a23f-4a5b-a05c-dda9e636a814,1
1259,1103,6d15557d-8ab8-48ac-9a72-8317eb38fe2c,1
1260,1103,73f9dc3c-ffef-45bf-8dc4-f1a911a2d277,1
1261,1103,76e83cea-fc2e-4aad-a128-6dac176ea511,1
1262,1103,7b236b39-576e-4a6d-8611-85ba71387ba5,1
1263,1103,7dafc455-e1eb-4f20-9a3f-6c7281182245,1
1264,1103,7fc8aa07-53cb-45da-8a1b-0ebf76a43214,1
1265,1103,822efa1d-318a-4b87-97a0-241b1e50bfbd,1
1266,1103,82fee792-e28a-409e-812f-91334a50a134,1
1267,1103,86680d72-cb04-46d4-8d4c-097c13ca462a,1
1268,1103,86cee7f5-5ff1-4cf1-a980-dcbaaa2039ec,1
1269,1103,8b71484b-b0ba-4f86-87cc-250c83e921ad,1
1270,1103,8d5a7196-2c02-4bc5-9fa3-74e949db6984,1
1271,1103,8e870cc7-68f2-493b-9174-0e7e87f4eaec,1
1272,1103,8eb154cc-7dff-4d83-80ea-772af7a933d5,1
1273,1103,8eb191d3-b541-4be2-a40f-a78d21356bc3,1
1274,1103,8eb191d3-cae2-43c0-b7ce-a0a91f002b8f,1
1275,1103,8eb191d4-884e-496f-ace8-6f320db3d8a0,1
1276,1103,8ed56fcc-b6b0-41b8-be47-ceaad18601d5,1
1277,1103,8ed56fcc-d561-4bc1-a0f9-36783ddc35eb,1
1278,1103,8ed56fcc-da63-45fa-b681-5acdd835a3cf,1
1279,1103,8ed56fcc-f19c-4e9b-b141-3eb99b70a998,1
1280,1103,8ed56fcd-7cf7-48b6-80aa-c788e27ad072,1
1281,1103,8ed56fcd-8ca2-4f5a-82c4-dd694185b367,1
1282,1103,8ed56fcd-e7c1-40ac-8081-65ca68946ed8,1
1283,1103,8ed56fcd-eb54-449b-9ffd-9572c1de024d,1
1284,1103,8ee5509f-41ff-47db-a99c-2e520ecd598e,1
1285,1103,8ee55608-3468-48c2-a9e3-9113752a1f4e,1
1286,1103,8ee7b987-c28b-4d7d-bf4b-11c465fd7bee,1
1287,1103,8ee7ce6c-7790-4bcb-a54f-da0543e30cc1,1
1288,1103,8ee7cf11-4d2f-4f5d-bf2d-e03cbd25737e,1
1289,1103,936add3a-4ff4-4f05-9606-8228a0288bda,1
1290,1103,95027f8a-ca30-4fc3-a191-1eb849f604c3,1
1291,1103,9805f21c-8d3a-4e1a-bbc2-26f8fbffabc1,1
1292,1103,980fe044-b999-4b64-8f93-ff5afb094ad5,1
1293,1103,9a4737a2-926a-4c85-9816-78fd6aad6333,1
1294,1103,9a81750b-cf14-4ebb-bf12-453b17c85505,1
1295,1103,9b215be0-0a2c-4c2f-a3b7-4d3d0c35f697,1
1296,1103,9cadd6eb-777c-4d40-a186-072bbf7589d0,1
1297,1103,a2da8da7-9222-4c3f-bd5c-2b1c63689c65,1
1298,1103,a541dc0d-3f56-483d-8a6d-8fff63fd3b62,1
1299,1103,aa0e09ec-77ad-46b1-8865-dc379c254356,1
1300,1103,adc4b06b-b15e-4387-9479-fbca2dc85799,1
1301,1103,ae061bc5-a47d-46a0-8fd4-dd98506c86b3,1
1302,1103,ae2ed0dc-f325-4655-ad17-6bf1eaff54c9,1
1303,1103,ae5662a9-e3df-45a7-a7ff-ae9e8098eb37,1
1304,1103,aeafeb21-05bb-4cef-af4a-a35943c9e4f9,1
1305,1103,afec20d0-e9a7-4760-b3d5-b1cb892e45df,1
1306,1103,b09fe3e9-f6ea-4e1e-83bc-428455f1b82f,1
1307,1103,b12e6297-2b42-4ba5-8359-198520012da1,1
1308,1103,b6bd3e8d-a806-43eb-b72a-38f9e4b7fb00,1
1309,1103,b8c7de59-7ac5-4599-8d16-82eae895acbf,1
1310,1103,b9aa48d7-1589-4580-ad0d-5b2aa8e0e226,1
1311,1103,bb019786-a8fe-4107-a59d-577859407b1f,1
1312,1103,bc310538-5bc1-4e4f-8514-397c416a3031,1
1313,1103,beba627b-fad2-4d4f-aa8c-be0938bfa8a5,1
1314,1103,bee36a53-75a7-4d73-8ed1-be09cb4bc3de,1
1315,1103,c21caef4-2052-4310-aad8-91472b3e146c,1
1316,1103,ca380b7f-37dd-44b0-9e0d-34da6efd7940,1
1317,1103,cb51e076-5e0b-4684-9e2e-57c6215c73fd,1
1318,1103,ccb778dc-79d0-4aed-b358-1e9a208b1664,1
1319,1103,d4c3d6f3-bf98-4acc-acc7-0d87a00336aa,1
1320,1103,d69fde24-a2c0-4acf-9aab-cf96125981ef,1
1321,1103,dc77b992-02bb-49e2-922b-911a78013cf8,1
1322,1103,e00b644f-00c8-4fb8-8f78-87931c01f91c,1
1323,1103,e1e1dac0-153f-4000-88dc-d5185d53bd04,1
1324,1103,e48b57fd-ac5e-4c01-9fc9-75804d749c4b,1
1325,1103,e804aaae-6268-4117-8fcb-2302825be98a,1
1326,1103,e9135d4c-e363-48c3-ba7b-7a18b3145f0a,1
1327,1103,ea3c42e8-bfef-468e-86d3-1a705f698f27,1
1328,1103,ea7c6613-94bb-4f28-b55b-399ff2c7e848,1
1329,1103,eb379655-d3c3-42bd-95c0-c898c0f4a5f0,1
1330,1103,f1b85d6a-20d6-482b-bc36-76babda6e9ec,1
1331,1103,f273b499-5f20-4a0f-996a-bba39791cd0c,1
1332,1103,f3ee6a3b-0983-4b0b-a56d-cb6a0f51d7e7,1
1333,1103,f59a2078-7b73-4bf5-af9a-4aad56b33184,1
1334,1103,f68dea18-76dc-463e-a3a2-2793b694f811,1
1335,1103,f72efb77-cb51-471f-9c20-340169b34eb8,1
1336,1103,f76c81c0-691b-48b2-b60d-3a73f8391151,1
1337,1103,f848b34f-f277-4db0-b98f-53b6e4f2b0cd,1
1338,1103,fe53696f-5592-433d-a8e2-488e5917e3a3,1
1339,1103,fe702c47-582b-4b27-98cd-42cd91d89f5c,1
1340,1103,fe849f4f-904a-4e77-a0f8-05a7dadde04e,1
1341,1104,10136,1
1342,1104,10173,1
1343,1104,10416,1
1344,1104,1409,1
1345,1104,25,1
1346,1104,2730,1
1347,1104,2731,1
1348,1104,2732,1
1349,1104,2734,1
1350,1104,2736,1
1351,1104,2740,1
1352,1104,2741,1
1353,1104,335d65f8-7e1a-4ad4-8aa2-7eeb730ec4b1,1
1354,1104,3566,1
1355,1104,3567,1
1356,1104,3569,1
1357,1104,3570,1
1358,1104,3571,1
1359,1104,3572,1
1360,1104,3573,1
1361,1104,3579,1
1362,1104,3583,1
1363,1104,4077,1
1364,1104,4078,1
1365,1104,4079,1
1366,1104,4080,1
1367,1104,4082,1
1368,1104,4083,1
1369,1104,4084,1
1370,1104,4086,1
1371,1104,4090,1
1372,1104,4095,1
1373,1104,4096,1
1374,1104,4097,1
1375,1104,4099,1
1376,1104,4100,1
1377,1104,4101,1
1378,1104,5216,1
1379,1104,5218,1
1380,1104,5220,1
1381,1104,5221,1
1382,1104,5222,1
1383,1104,5225,1
1384,1104,5227,1
1385,1104,5231,1
1386,1104,5237,1
1387,1104,5243,1
1388,1104,6341,1
1389,1104,6343,1
1390,1104,680,1
1391,1104,7aaf678d-ef62-4827-9678-1a4a367942b2,1
1392,1104,8e86fbe2-32a4-4093-9fcd-ea5e2372e074,1
1393,1104,8eb191c9-4da4-4d8f-abcc-a5e2e5e87dac,1
1394,1104,8eb191c9-83dd-485c-9cc5-f5df33f2209a,1
1395,1104,8eb191c9-ad50-452c-88da-1debb03acea2,1
1396,1104,8eb191ca-0c41-425d-bc40-612e7d5e764f,1
1397,1104,8ec32f2f-a865-4235-bb95-bc6e0548285a,1
1398,1104,8ecd8e2e-1e58-4f6a-85da-bf2dac4c6971,1
1399,1104,8ecd8e2e-1ee3-41a1-b273-ecf3929b68be,1
1400,1104,8ed56fcd-8ca2-4f5a-82c4-dd694185b367,1
1401,1104,9805f21c-8d3a-4e1a-bbc2-26f8fbffabc1,1
1402,1104,a4e5d308-6681-41ae-992b-8b5dbf3f6019,1
1403,1104,ca030615-588d-4c3b-aa26-165972caf64c,1
1404,1104,dd29bb4a-7e1f-4692-bede-3f0f24af2b82,1
1405,1104,ea7c6613-94bb-4f28-b55b-399ff2c7e848,1
1406,1105,196,1
1407,1105,197,1
1408,1105,294,1
1409,1105,340,1
1410,1105,40,1
1411,1105,418,1
1412,1105,419,1
1413,1105,82,1
1414,1105,83,1
1415,1105,8e90e060-8e9f-46f2-b1df-6ef58cbcc724,1
1416,1107,07ce3275-6366-422b-bf89-a2935a633b75,1
1417,1107,0a899187-4249-4dd0-97be-aeb5273aae03,1
1418,1107,10400,1
1419,1107,10402,1
1420,1107,10415,2
1421,1107,10416,2
1422,1107,1ebe39c4-72a8-4d8b-a45c-2145f5d96054,1
1423,1107,23ce766f-0c23-45f4-8a66-0c353e295cf9,1
1424,1107,3021,1
1425,1107,3027,1
1426,1107,3032,1
1427,1107,3034,1
1428,1107,3035,1
1429,1107,430fad21-edb0-4c29-80cc-0595d939a01b,1
1430,1107,45dc202c-1871-4cd4-97d1-280f68f35106,1
1431,1107,48589a35-0ee6-404c-8299-0f3b48f05b03,1
1432,1107,492a3aaf-1be1-4168-a6d4-6c0a0a171d7f,1
1433,1107,5e965046-2e46-4cfe-ab5b-998a08ad1e7d,1
1434,1107,7518d89f-847f-4e28-a24b-e27610b7688a,1
1435,1107,7dafc455-e1eb-4f20-9a3f-6c7281182245,1
1436,1107,7e464a37-c7df-4446-be7d-e46fc979dd31,1
1437,1107,8dd4935c-1124-40d9-8116-7472c8ff6392,1
1438,1107,8ed56fcc-da63-45fa-b681-5acdd835a3cf,1
1439,1107,8ed56fcc-f19c-4e9b-b141-3eb99b70a998,1
1440,1107,8ed56fcc-fcc6-43d3-8f8d-46d83dceaeae,1
1441,1107,8ed56fcd-70ed-4b84-a62c-87c430a088e1,1
1442,1107,8ed56fcd-7cf7-48b6-80aa-c788e27ad072,2
1443,1107,8ed56fcd-c29d-4981-8ad8-1de8927f4304,1
1444,1107,8ed56fcd-e7c1-40ac-8081-65ca68946ed8,2
1445,1107,8ed56fcd-eb54-449b-9ffd-9572c1de024d,1
1446,1107,8ed5bea8-64e0-4fdf-af07-84e8b45c808f,1
1447,1107,8ee5509f-41ff-47db-a99c-2e520ecd598e,2
1448,1107,8ee55608-3468-48c2-a9e3-9113752a1f4e,2
1449,1107,8ee5f304-ef69-4283-811d-e57665c29521,1
1450,1107,8ee77d76-b73b-409e-aa14-e28d6d7665a6,1
1451,1107,8ee77e24-69ca-4e2c-9d7f-d42f31128ca9,1
1452,1107,8ee77f8d-eade-40c5-a68f-e0f13d85b83b,1
1453,1107,8ee77ffe-94d6-4c61-9f76-e6a52d28c708,1
1454,1107,8ee78094-165c-48bc-805c-0bdfee102f19,1
1455,1107,8ee784f6-7469-4e1d-a786-dbd42288155b,1
1456,1107,8ee785af-8637-4430-9d4e-3b6d466f25a2,1
1457,1107,8ee785fe-360a-4841-9bad-3bbc12d724e6,1
1458,1107,8ee786fb-4af1-4d81-8c42-2173f0ab9057,1
1459,1107,8ee78875-21a1-4821-b37b-48f67a7faa0a,1
1460,1107,8ee78911-c58b-4bd5-9cdf-52b69ff8e51b,1
1461,1107,8ee7a7f0-b205-4ef4-b26e-3d82da74f5ef,2
1462,1107,8ee7ab11-1be1-48d8-a993-9f71cb4f7537,1
1463,1107,8ef77473-46e9-4fc3-8883-aa77fc83cf57,1
1464,1107,8ef77473-91b2-412e-8fde-f6e62b6dfcb1,1
1465,1107,8ef77473-a065-4394-985e-4d649b58f711,2
1466,1107,8ef77473-c045-4fa8-a293-2c74304bdac1,1
1467,1107,8ef77474-6e11-43f8-9457-a6eac89fee62,1
1468,1107,8ef77474-7e54-4cdd-bbe5-81a2314d0852,1
1469,1107,8ef77474-86a2-4fc6-8b7b-1f45613e091d,1
1470,1107,8ef77474-b90c-40bd-ab96-a2e3916a5b84,1
1471,1107,8ef7f72e-c09e-42cd-a325-a4a8e03f6766,1
1472,1107,8efb66d3-7b32-4ad1-8864-9a6b13c7d638,1
1473,1107,8efb68c7-0716-4adc-8b5d-2d9d1eb9fe71,1
1474,1107,8efb75a0-8832-4212-a0f9-5484e20c58ce,2
1475,1107,8effb0c7-741f-4879-818a-03253b6977b2,1
1476,1107,8effb0c8-5277-468b-8c35-1fe6be9fa1e0,1
1477,1107,8effb0c8-c02d-44bd-8470-dc2a35b35d37,1
1478,1107,8f06145a-7671-475e-9873-3df05de4ba91,1
1479,1107,8f1000ed-c26b-499c-9ca7-f41d991bd2eb,1
1480,1107,8f15cd44-872d-41b0-9161-97258f7da961,1
1481,1107,8f1dec5a-bf9b-4b32-b88b-ef857380d66c,1
1482,1107,8f1df4e2-d627-4d7c-baaa-363c193b4fbc,1
1483,1107,8f1df686-b3bf-4f1a-be57-4789ea60449c,1
1484,1107,8f1e1161-3754-4694-9e8c-150de408482b,1
1485,1107,8f1e1161-742c-4b00-9db0-0ec2420a1825,1
1486,1107,8f1e1161-a9bd-46e0-9996-af2110e48d41,1
1487,1107,8f1e1161-b27b-4e6c-9749-f384116990c6,1
1488,1107,8f1e1161-b7ba-4f82-b812-93e5a7ab6cce,1
1489,1107,8f1e1161-bdaa-40b5-a85c-7407bbb4136a,1
1490,1107,8f1e1161-bec6-48d7-a6a1-87399ce10f0c,1
1491,1107,8f1e1161-c1b0-4759-9116-15d0c7c626d6,1
1492,1107,8f1e1161-c4a3-477d-95bd-adc218552539,1
1493,1107,8f1e1161-ca7f-40cf-ba8a-6031e5cf6a02,1
1494,1107,8f1e1162-278c-4b85-9e69-b7fec936d460,1
1495,1107,8f1e1162-2903-4eb3-b6d7-6fe9346c30d6,1
1496,1107,8f1e1162-3b2d-4a73-bd2d-b9cebcbe27a4,1
1497,1107,8f1e1162-3c0c-4ef2-86f6-1d4c73834f63,1
1498,1107,8f1e1162-4242-4079-947a-2ca10247fcaa,1
1499,1107,8f1e1162-47c2-4b73-9ab2-a0742dc9561e,1
1500,1107,8f1e1162-48ff-4362-807a-ea2c24384d52,1
1501,1107,8f1e1162-491c-444c-9d43-8c58891eeeac,1
1502,1107,8f1e1162-4b15-4997-919d-0e9f0803d354,1
1503,1107,8f1e1163-0610-455a-86c1-81d072c5936f,1
1504,1107,8f1e1163-0b10-4561-8545-59217814f6c3,1
1505,1107,8f1e1163-10d0-4a08-8978-3aea57b80b77,1
1506,1107,8f1e1163-192c-4bf5-95ca-f0c5f308dbb5,1
1507,1107,8f1e1163-1dc7-4851-8ad3-82449f7364d3,1
1508,1107,8f1e1163-25d8-425f-8969-87d0e9625f6a,1
1509,1107,8f1e1163-278c-430a-ad2d-b1506bdd69a4,1
1510,1107,8f1e1169-412c-4a38-85e9-689717884b60,1
1511,1107,8f241543-5127-4512-9c3f-c1443ee14620,1
1512,1107,8f25bd71-bf77-42cf-bf4c-b6bf28688f69,1
1513,1107,8f25be22-c97c-4c9a-9178-136cefbac50a,1
1514,1107,8f25bed9-7fe3-4cdd-8cee-20cf633416fe,1
1515,1107,8f25c071-22dd-41fc-b18c-fb8dc61d3556,1
1516,1107,8f25c243-c772-4f79-9965-0180f03ec683,1
1517,1107,8f25c291-9184-4e47-997e-ae510eb3f093,1
1518,1107,8f25c34e-8c2c-498b-b7cc-8295a3c192ef,1
1519,1107,8f25c477-2caf-43e1-8f01-d932fda83a4f,1
1520,1107,8f25c712-faab-4db6-8be3-9fa441b54053,1
1521,1107,8f25c7ae-1573-4f87-9227-a45e0a4d3214,1
1522,1107,8f25c844-76db-47d7-a45d-82ee92cba9c7,1
1523,1107,8f25c90c-f6fb-4911-b77d-a936798c6f59,1
1524,1107,8f25c9f2-4566-49e4-aca7-4d4d0613ee05,1
1525,1107,8f25cc49-3974-4d40-9ad3-5128eeae558d,1
1526,1107,8f25ccd0-d23d-4eb8-bee6-bd51a218e909,1
1527,1107,8f25cdce-be3b-491d-b7f6-7927e498c40b,1
1528,1107,8f25d60a-55aa-4fb4-a70c-69e4dc06d051,1
1529,1107,8f25d644-fc03-48ec-84a7-5fc6ba025ec0,1
1530,1107,8f25d780-8d04-4a44-822a-81029f5a320d,1
1531,1107,8f25d85a-1ea7-43a8-8fe5-ceaaef05113e,1
1532,1107,8f25e384-7a4f-400d-91b8-39ffa3ca5883,1
1533,1107,8f25e48e-6d0a-4d8b-853c-7241e8337e99,1
1534,1107,8f25e4f8-1e4f-452c-8464-ca169a7be0b0,1
1535,1107,8f25e55e-73f0-42c6-a6de-caf7433f1f16,1
1536,1107,8f25e5c8-10d9-4b5e-a471-ca78d9e2e639,1
1537,1107,8f25e6b7-0486-41c9-a1b3-f8216ebf68d0,1
1538,1107,8f25e7bd-788e-4e5b-85b9-5c763439b7fd,1
1539,1107,8f25e8d1-806c-4007-aab8-645b6469a799,1
1540,1107,8f25e915-7a0e-42e3-8cf6-468d99484a2d,1
1541,1107,8f25e9e9-7706-4bac-a62b-89663dccb29e,1
1542,1107,8f25ea1f-b198-468d-af41-62030ff498b9,1
1543,1107,8f25eb74-cb50-4e24-b380-fb68457673f8,1
1544,1107,8f25ebac-5343-451a-ac4a-aaeaf9050dce,1
1545,1107,8f25f075-78e1-46d0-89c0-2edf2aff6811,1
1546,1107,8f25f19c-4ff7-490e-8e18-5a6a9fae5778,1
1547,1107,8f25f31c-9c02-4907-96b0-46d027376e7e,1
1548,1107,980fe044-b999-4b64-8f93-ff5afb094ad5,1
1549,1107,9818,1
1550,1107,9914,1
1551,1107,9916,1
1552,1107,9bc3abf8-67a5-4718-8b9b-1cd88c7b99fa,1
1553,1107,a541dc0d-3f56-483d-8a6d-8fff63fd3b62,1
1554,1107,cc6265e9-5fc4-4798-a05f-8609ada59f40,1
1555,1107,cdf57af1-887e-4ccf-9970-f74c9b9e936b,1
1556,1107,dc77b992-02bb-49e2-922b-911a78013cf8,1
1557,1107,e948b4ab-fac0-431d-9844-21ecbfb973ba,1
1558,1107,f59a2078-7b73-4bf5-af9a-4aad56b33184,1
1559,1109,8ed56fcd-eb54-449b-9ffd-9572c1de024d,1
1560,1110,21d56859-3b83-49f6-8492-b6c6bd978888,1
1561,1110,255cf727-2fb9-41d9-a33f-f00ecb241f2b,1
1562,1110,335d65f8-7e1a-4ad4-8aa2-7eeb730ec4b1,1
1563,1110,3921b850-e11d-47c5-b0f7-5c162ac33f69,1
1564,1110,4282f52d-14ab-4684-8c99-d62a53010827,1
1565,1110,5e9ef4a5-3c8a-4280-93c1-bc7ce02527ed,1
1566,1110,6537a656-bf8b-41f7-95d8-925517a5be67,1
1567,1110,73f9dc3c-ffef-45bf-8dc4-f1a911a2d277,1
1568,1110,7aaf678d-ef62-4827-9678-1a4a367942b2,1
1569,1110,8ee7c870-54c3-44a2-b85f-57cccb7be45d,1
1570,1110,8ee7c877-4ebe-4bae-b88e-1251ffa4b346,1
1571,1110,8ee7c88e-8753-4e8c-b454-4b92f657f736,1
1572,1110,8ee7c88e-cad2-42d5-a7a6-486402b2f30f,1
1573,1110,8ee7c88f-0835-47eb-8401-c539328f704d,1
1574,1110,8ee7c88f-1b98-4f67-bc93-006dece5940a,1
1575,1110,8ef5bf08-e28d-48a1-b5a3-cd0422d7af07,1
1576,1110,8ef77473-46e9-4fc3-8883-aa77fc83cf57,1
1577,1110,9805f21c-8d3a-4e1a-bbc2-26f8fbffabc1,1
1578,1110,b6bd3e8d-a806-43eb-b72a-38f9e4b7fb00,1
1579,1110,b8c7de59-7ac5-4599-8d16-82eae895acbf,1
1580,1110,cb51e076-5e0b-4684-9e2e-57c6215c73fd,1
1581,1110,e48b57fd-ac5e-4c01-9fc9-75804d749c4b,1
1582,1110,ea3c42e8-bfef-468e-86d3-1a705f698f27,1
1583,1110,ea7c6613-94bb-4f28-b55b-399ff2c7e848,1
1584,1110,eb379655-d3c3-42bd-95c0-c898c0f4a5f0,1
1585,1110,fe849f4f-904a-4e77-a0f8-05a7dadde04e,1
1586,1111,368bda2e-b213-4025-a90f-0d164d1f32c8,1
1587,1111,4282f52d-14ab-4684-8c99-d62a53010827,1
1588,1111,4888e356-adb5-4f19-a054-45952cf21ab0,1
1589,1111,511e576e-b047-4015-8d5b-d712d25eae88,1
1590,1111,6537a656-bf8b-41f7-95d8-925517a5be67,1
1591,1111,7aaf678d-ef62-4827-9678-1a4a367942b2,1
1592,1111,8ed56fcd-c29d-4981-8ad8-1de8927f4304,1
1593,1111,8ee7c891-2310-4ab3-a7f7-6da27edf8fdc,1
1594,1111,8ef99b47-aff6-4cb4-b013-155fec61f7e8,1
1595,1111,8ef99b47-d42f-4627-a507-f56418fde511,1
1596,1111,8ef99b47-d589-4570-932a-c27e827a763b,1
1597,1111,8ef99b47-d836-4cae-9c6f-730e1cef4416,1
1598,1111,8ef99b47-d87f-4206-be27-a9e9052a2ac8,1
1599,1111,8ef99b47-dbfd-4288-a098-4a218e3d6c38,1
1600,1111,8ef99b47-ecf4-43b9-9fcb-63b701e752fc,1
1601,1111,8ef99b47-ef36-4348-85fa-4d683bd88e2f,1
1602,1111,8ef99b47-f1dc-43f9-90d2-08cfc53f2d6e,1
1603,1111,8ef99b47-f318-4240-8e4e-8da1eed40532,1
1604,1111,8ef99b48-3d92-4cac-a8bb-9b0f7e780b54,1
1605,1111,8ef99b48-52fb-4709-a771-6792a9338dd0,1
1606,1111,8ef99b48-620c-4154-bfbe-1ae17a6522f2,1
1607,1111,b6bd3e8d-a806-43eb-b72a-38f9e4b7fb00,1
1608,1112,8ed56fcd-e7c1-40ac-8081-65ca68946ed8,1
1609,1112,8ee784f6-7469-4e1d-a786-dbd42288155b,1
1610,1112,8ee7c893-c353-4de8-aed5-fb8e9cd64467,1
1611,1112,8ee7c897-a0c5-4a18-96ad-b0b0c175ba7a,1
1612,1112,8ee7c897-ca98-42a7-be72-05c39fc2e7e8,1
1613,1112,8eeb6ab9-1e09-4378-ac68-695e91c5f034,1
1614,1112,8eeb6ab9-bc13-4d98-ad0b-53522efeb6c4,1
1615,1112,8eeb6ab9-e4d7-4764-9a1c-c851f2efa7ef,1
1616,1112,8eeb6ac1-8fed-4cc6-8cda-c6b7b1e48d68,1
1617,1112,8eeb6ac1-a134-4f7b-a053-6fe66f7b534d,1
1618,1112,8eeb6ac1-ae52-455a-bf6d-15f73b5b6f94,1
1619,1112,8eeb6ac6-0fed-4f66-8bbd-354231f335dd,1
1620,1112,8eeb6ac6-8db5-4d75-aaea-173df00aff88,1
1621,1112,8eeb6ac6-aab3-4c23-9371-1be73c864abb,1
1622,1112,8eeb6ac7-293c-4a78-94a0-70de9e309b39,1
1623,1112,8eeb6ac9-9abe-4f35-b685-896035cb9776,1
1624,1112,8eeb6ac9-af82-44ca-894c-26c1e8c6f334,1
1625,1112,8eeb6ac9-d712-4bf2-b1b3-989cc68a823a,1
1626,1112,8ef77473-46e9-4fc3-8883-aa77fc83cf57,1
1627,1112,8ef77473-91b2-412e-8fde-f6e62b6dfcb1,1
1628,1112,8ef77473-a065-4394-985e-4d649b58f711,1
1629,1112,8ef77473-c045-4fa8-a293-2c74304bdac1,1
1630,1112,8ef77473-e3db-42a4-8b44-99e7690a6881,1
1631,1112,8effb0c8-5277-468b-8c35-1fe6be9fa1e0,1
1632,1112,8effb0c8-c02d-44bd-8470-dc2a35b35d37,1
1633,1112,8effb0c9-6410-4e89-9b86-78ad71cbc0f9,1
1634,1112,8effc4d7-3e4d-4322-91f6-02c198967231,1
1635,1112,8f03d7aa-2efd-4696-b1dc-c5cb5b5d826c,1
1636,1114,0fba29dc-cb75-482f-b0b8-f694373c300f,1
1637,1114,10415,1
1638,1114,10416,1
1639,1114,6537a656-bf8b-41f7-95d8-925517a5be67,1
1640,1114,8ed56c83-9ec8-4fe9-ac74-eac6bdbf4f62,1
1641,1114,8ed56e76-ba8b-48dc-96ce-22add462f2e2,1
1642,1114,8ed56fcc-fcc6-43d3-8f8d-46d83dceaeae,1
1643,1114,8ed56fcd-7cf7-48b6-80aa-c788e27ad072,1
1644,1114,8ed56fcd-c29d-4981-8ad8-1de8927f4304,1
1645,1114,8ed56fcd-eb54-449b-9ffd-9572c1de024d,1
1646,1114,8ee5509f-41ff-47db-a99c-2e520ecd598e,1
1647,1114,8ee78911-c58b-4bd5-9cdf-52b69ff8e51b,1
1648,1114,8ee7b987-d2eb-4fa7-bd55-344a8f6f091f,1
1649,1114,8ee7b987-eafb-42b4-b98c-0564d254829e,1
1650,1114,8ee7c870-54c3-44a2-b85f-57cccb7be45d,1
1651,1114,8ee7c880-4b0d-4d7c-b633-447356d864b4,1
1652,1114,8ee7c88d-1afe-4fc5-9efb-df27ed0a2bf3,1
1653,1114,8ee7c891-af7b-43f8-8777-445dd1c0819b,1
1654,1114,8ee7d501-c7e2-466d-a547-2525af112176,1
1655,1114,8ee7d5a2-f71f-4d5e-9d6d-b9ad880ab1a3,1
1656,1114,8eeb6ab3-36ac-4671-8e89-7ae34892384b,1
1657,1114,8eeb6abd-c50d-472b-ba97-b6499727a33f,1
1658,1114,8eeb6ac1-7585-4867-9067-af8588a28a05,1
1659,1114,8eeb6ac9-473b-4bca-bef6-2e79809282bd,1
1660,1114,8eeb6ac9-9abe-4f35-b685-896035cb9776,1
1661,1114,8eeb6aca-7017-43c7-8028-a918c52d7a25,1
1662,1114,8ef5bf08-e28d-48a1-b5a3-cd0422d7af07,1
1663,1114,8ef5bf09-9c27-479e-a8f5-9e2d6b30c9a9,1
1664,1114,8ef5bf0a-e009-4a59-b928-eacaf762deca,1
1665,1114,8ef5bf0b-35a6-4dfc-a1de-ec725b46f1f2,1
1666,1114,8ef5bf0b-5aa5-42f1-bf95-c78ae1b0f204,1
1667,1114,8ef5bf0b-d656-4155-a9ae-df2201816ac8,1
1668,1114,8ef5bf0c-f0dc-4c24-a085-c66fb0ee79ad,1
1669,1114,8ef5bf0d-973a-45c3-afcd-a16263735679,1
1670,1114,8ef5bf0e-2d1e-4d89-a3a4-26b27c27ee47,1
1671,1114,8ef5bf0e-6cba-43b6-821c-acc873f1145f,1
1672,1114,8ef5bf10-17a3-4c10-935e-04a6e7b1329f,1
1673,1114,8ef5bf10-88b3-4567-8a56-1f14513b332d,1
1674,1114,8ef5bf10-b6f2-49a0-bdcb-cdfca5b42186,1
1675,1114,8ef5bf11-1a7d-467e-8372-7d08ddd5ead0,1
1676,1114,8ef5bf11-3bbc-43e9-acba-e9193dbaabba,1
1677,1114,8ef5bf12-ad16-43d0-963a-e70848fc3bd5,1
1678,1114,8efb75a0-8832-4212-a0f9-5484e20c58ce,1
1679,1114,8efc1194-0f18-4ab3-a6b4-ccbc04dd56d5,1
1680,1114,8effb0c7-56ac-4136-8077-dbf61c2f9ef0,1
1681,1114,8effb0c9-b80c-4e7c-bdd3-c55c77893d5a,1
1682,1114,8f01fcab-0efe-4808-bb2b-7aac1841dde0,1
1683,1114,8f01fcab-bb28-4acf-919a-5ad8f95c167f,1
1684,1114,8f01fcac-0aee-4dc5-92d1-87c91249fcf3,1
1685,1114,8f01fcac-dfa4-427d-ae4b-a91bd2b1282f,1
1686,1114,8f01fcae-3113-48af-9c4c-bb27f39f29e1,1
1687,1114,8f01fcae-d035-4c89-87c6-3ef9da5e2b6e,1
1688,1114,8f01fcaf-d104-4dc2-b9c2-a63cb6b13595,1
1689,1114,8f03d7aa-e49b-4102-8118-4e95f08cb533,1
1690,1114,8f03d7ab-012c-48db-a01f-9f971c7c3695,1
1691,1114,8f03d7ab-26d1-45e5-b52e-c732ae50076a,1
1692,1114,8f03d7ac-1762-4539-88a5-bfd1c3149a17,1
1693,1114,8f05f1ae-f0ff-470b-a20b-fad70fb9c711,1
1694,1114,8f0605b1-7b3c-479e-8a11-e7df0124eb54,1
1695,1114,8f060acf-0721-4cbc-b05f-cb6598894b06,1
1696,1114,8f060f4a-950d-42f5-9c66-07c75acdb688,1
1697,1114,8f06145a-7671-475e-9873-3df05de4ba91,1
1698,1114,8f1e115b-caab-4baf-b0c2-a08fe4733c84,1
1699,1114,8f1e115b-dcae-4e74-9b8c-e20019b21522,1
1700,1114,8f1e115c-1941-4054-bfb5-0b2fba8bc938,1
1701,1114,8f1e115d-0ae6-4597-951c-433034b35107,1
1702,1114,8f1e115d-0f11-4fab-85a3-a5ffa1ced70d,1
1703,1114,8f1e115e-aac8-48ea-b5f6-64d20d314552,1
1704,1114,8f1e1161-bdaa-40b5-a85c-7407bbb4136a,1
1705,1114,8f1e1165-824f-447f-b06c-dacae50b1c66,1
1706,1114,8f1e1165-f342-41da-980d-77956639ca7f,1
1707,1114,8f1e1169-412c-4a38-85e9-689717884b60,1
1708,1114,8f1e1169-fd86-49d4-b171-32293b7360bf,1
1709,1114,8f1e116a-edc7-4d8c-850c-efa17c0b91e5,1
1710,1114,8f24143d-6e8d-4cdb-b67b-d3329269dc62,1
1711,1114,8f2414ad-21be-4057-9d5c-86efbb62634a,1
1712,1114,8f241543-5127-4512-9c3f-c1443ee14620,1
1713,1114,8f2416e9-6009-4687-8950-bf4a672ef3c3,1
1714,1114,ae061bc5-a47d-46a0-8fd4-dd98506c86b3,1
1715,1114,b6bd3e8d-a806-43eb-b72a-38f9e4b7fb00,1
1716,1114,eb379655-d3c3-42bd-95c0-c898c0f4a5f0,1
1717,1114,fe53696f-5592-433d-a8e2-488e5917e3a3,1
1718,1115,10469,1
1719,1115,10500,1
1720,1115,2384,1
1721,1115,39,1
1722,1115,8e90df71-f743-4e81-993d-ec950b1d20f3,1
1723,1115,8ecd1030-1d77-4810-ab2a-cdc32a60091d,1
1724,1115,8ecd1030-1f8d-4930-b733-bd3aafec4e93,1
1725,1115,8ef77474-7988-41f3-bb03-e65c156dcada,1
1726,1115,8ef77474-7e54-4cdd-bbe5-81a2314d0852,1
1727,1115,8ef77474-86a2-4fc6-8b7b-1f45613e091d,1
1728,1115,9798,1
1729,1115,9799,1
1730,1115,9800,1
